Advertising_Budget,,Employees,Store_Size,Customer_Visits,Product_Price,Location_Score,Season,Revenue
1658537,,38,3825,9798,49342,2,High,2470960793
881709,,34,807,9909,4725,5,Medium,237273400.7
768544,,17,3558,573,12040,3,Low,605296762.9
1693117,,24,4631,7375,65027,5,Medium,3255900258
984874,,37,3411,5036,51057,9,Medium,2556111086
1971902,,10,202,1385,18264,3,Medium,914066528.2
222028,,49,759,9544,47850,4,Medium,2393252600
1693992,,24,383,4165,30328,5,High,1517331740
542486,,26,1649,290,4835,10,High,243345365.1
1698391,,23,3776,2989,96034,9,High,4805514269
1131641,,44,3681,6099,69697,6,High,3488395452
143514,,50,3792,267,17494,1,Medium,877980097.4
1979278,,33,4127,1882,73741,8,High,3691259362
1356144,,14,3443,7392,42940,1,Medium,2150421360
1350453,,24,1335,8194,64026,1,High,3202930774
1608651,,17,3932,7314,62303,8,High,3119075553
788854,,25,4819,6446,6842,5,Low,346491363.9
1370602,,30,2833,3334,95183,2,High,4762049696
349945,,2,2682,8019,71658,5,High,3585322468
442910,,20,1000,9004,37195,2,Medium,1860779929
1233122,,8,580,7928,70899,5,Medium,3545895373
455791,,10,1848,2029,23714,2,Low,1187436599
797979,,3,2116,8798,67629,6,Low,3383550248
1855783,,9,4241,1440,38421,10,Medium,1925309054
895260,,29,1097,1313,7440,3,High,373252553.5
1136185,,19,4462,1411,54387,5,Medium,2723546172
561046,,13,3745,5021,5495,1,Medium,278143728.6
1494904,,8,2379,6168,43064,10,Medium,2155761746
978858,,43,1230,4397,10081,8,Medium,505454252.8
673698,,24,1768,773,29168,8,Medium,1460143407
1675315,,45,231,2491,6595,9,Medium,330544337.8
429393,,45,716,1142,34980,8,Medium,1749767143
113977,,43,3694,2695,27249,9,Medium,1365641689
1298443,,39,4939,1274,42472,7,High,2128260470
1845929,,45,1104,3951,31077,6,Low,1555449753
1947721,,40,1171,5883,26767,5,Low,1340046560
364595,,28,3258,7437,92051,3,High,4605468861
1015360,,15,4424,3970,42528,3,Low,2130527501
1727910,,7,395,6740,64333,9,Medium,3217608209
293881,,7,335,7152,2496,8,High,125206328.4
338004,,32,3126,8769,16251,9,Low,815351163.9
1809965,,6,3948,2408,63187,6,Low,3163346028
1917769,,6,1976,4922,14244,8,High,714563844.2
775360,,41,378,1244,89305,2,High,4465850706
1798449,,7,1401,7406,6603,10,Medium,331989662.2
1021592,,9,3631,1720,61546,8,Medium,3080749287
490154,,2,2563,776,19770,10,Medium,990852283.9
888428,,4,1147,7700,28754,8,High,1439005630
1545347,,22,1821,9095,1001,7,Medium,52164098.95
726029,,47,740,1613,10183,9,Medium,510042782.7
1021952,,10,2256,9797,88699,2,Low,4437250976
403917,,21,3865,8137,72054,6,Low,3606149483
1387916,,33,3861,9073,28403,4,High,1423944263
949991,,27,1848,6135,64625,9,High,3233171874
1814420,,49,4525,5268,34064,9,Medium,1707700347
720091,,39,4438,7918,79041,7,Low,3956098807
132510,,9,4945,2302,3588,1,Medium,183656463.5
1362227,,29,2938,1282,82945,9,Low,4150230764
1791956,,25,778,7072,51038,8,Low,2553209165
1054098,,11,4675,9379,81830,7,Medium,4095867452
1028208,,38,4567,2791,18689,6,Medium,938703360.3
201642,,31,3362,2276,37847,9,High,1895287685
1480734,,46,927,3599,7298,1,Medium,366220724.4
1988279,,1,3363,2300,27728,7,Medium,1389960318
812500,,29,1602,7227,20079,5,Medium,1005617623
822869,,16,1218,632,73711,2,Low,3686876804
614234,,17,4616,8600,22663,3,Medium,1137312122
1876459,,10,402,8968,17073,3,Medium,854672080.7
251178,,38,4577,6800,23066,8,High,1157299922
158515,,50,571,7651,63492,6,High,3175165958
90020,,6,2562,9053,83726,4,Low,4188532560
839831,,26,4949,6247,73886,3,Low,3698819328
1633032,,14,3332,4631,10478,8,Low,527317018.7
1484663,,29,243,3818,56577,5,High,2829589207
1830529,,17,1901,1453,28102,4,Low,1407362208
1838565,,41,688,1932,99578,7,Low,4980138048
675397,,47,926,8158,69370,10,Medium,3469549524
507228,,47,3764,941,90611,1,High,4533934922
1150904,,23,4832,3865,82063,2,High,4107672439
342642,,22,2347,4495,1815,5,Low,92878752.2
1408760,,43,4350,5647,56158,5,Low,2812109844
594337,,6,1990,8840,60784,9,Low,3041122338
630647,,50,1456,9077,96620,6,Medium,4832487019
348563,,36,4711,151,10854,6,Low,546831044.6
889693,,40,2093,965,36138,4,High,1808997655
1460741,,5,3910,5851,52077,5,Low,2607699987
1581043,,13,4762,5738,11691,9,High,589166970.1
655060,,44,3657,4091,31007,4,High,1553703229
971640,,5,423,3562,29880,2,High,1494709129
1190861,,20,3663,8659,39323,5,Medium,1969704399
1847740,,35,1306,4797,78165,10,Medium,3910023002
154631,,1,2296,132,73472,3,Medium,3675606171
236880,,2,3892,8888,70651,1,Medium,3535963568
1991516,,5,4955,8170,52023,4,Low,2606079806
1502523,,42,1304,8255,55018,7,High,2752559961
1811594,,3,496,9689,36495,2,Low,1825830240
1582559,,12,4192,5379,84873,3,Low,4247781983
1501325,,3,2082,6137,69997,10,Low,3502160866
1417002,,49,880,4570,24944,9,Medium,1248461256
886145,,26,2623,2548,59924,1,High,2998749191
490028,,11,3590,6785,69592,1,Low,3482841292
876098,,45,3849,523,29997,2,Medium,1503434992
1329766,,11,979,1214,84898,2,Medium,4246201923
942945,,20,4506,2679,77442,9,Low,3876269228
829082,,11,4772,885,7807,3,High,394699911.2
1045132,,8,1897,734,44893,1,Medium,2246631041
1423068,,46,3452,4539,7718,7,Low,389349141.3
105041,,24,3671,694,87212,4,High,4363761729
1332594,,9,972,3605,66374,2,Low,3320002700
1499639,,47,4775,1018,19211,6,Medium,965141808.7
1130187,,7,2475,2635,73197,10,Medium,3662356743
1947355,,12,3186,909,42350,6,Medium,2120893387
164210,,15,1462,3995,12370,3,Medium,619811961
1188590,,5,462,3665,85370,1,Low,4269318469
623602,,48,2680,713,14281,5,Medium,716553803.2
937420,,16,831,2864,5108,3,Medium,256443527
996199,,24,4173,5016,50218,5,Low,2514811140
1127523,,44,3188,838,82676,8,Medium,4136911808
1662352,,35,4602,640,14046,5,Medium,706799323.2
1680080,,33,3588,8396,40938,6,High,2050562778
1906238,,26,2137,986,63444,9,Low,3174689218
531536,,7,445,9340,15999,2,Medium,800538477.6
983119,,23,3256,4372,34366,5,High,1721425382
360057,,27,1180,7912,4936,8,High,247952040
712540,,30,659,5798,46714,8,Low,2336527634
1232334,,40,4213,4533,30249,3,Low,1516478499
831329,,22,1460,624,77186,1,Medium,3860836165
437929,,4,2209,9938,64148,7,Low,3209456250
704994,,36,4798,3755,3495,4,Medium,179088755.4
1041217,,12,3022,6047,80873,7,Medium,4046599683
1282053,,18,3934,3856,73198,3,High,3663704419
89329,,49,4426,3973,94462,3,Medium,4726909178
1402096,,40,1010,9359,25683,5,Low,1285527431
1831343,,2,2586,9483,85840,9,High,4294863018
1955726,,23,3909,4926,69457,9,Low,3476872229
615766,,43,3110,4821,73643,9,Medium,3685026231
1845594,,47,4913,9307,87161,10,Low,4362900915
407349,,50,3095,3654,46493,6,High,2327438457
1255286,,32,1812,5192,23668,5,High,1185396370
1139254,,1,2358,7920,63187,4,Low,3161772959
1767606,,30,4644,4878,45695,6,Medium,2289331857
1553709,,13,2363,9935,3257,9,High,165428745.7
1096971,,15,2885,5054,79136,7,High,3959650625
1380889,,6,3770,1021,20892,2,High,1048291084
1340577,,19,3075,4886,85059,2,Low,4256047447
1676436,,49,1415,6787,36092,9,High,1806412350
841072,,34,3448,3864,21025,2,High,1054488915
1250922,,43,1704,7574,68505,4,Medium,3427160318
120237,,3,1172,6112,58009,8,Medium,2901503923
1714021,,17,4189,759,23182,10,Medium,1163264495
547365,,48,3322,7679,33777,2,High,1691890235
861695,,17,1400,4615,94017,6,High,4702355171
1431629,,1,1573,1425,8419,7,Low,422791802.7
1886193,,25,652,4552,60202,1,Low,3011328748
1253575,,26,350,3090,18183,2,Medium,909897096.3
1524556,,35,617,7375,96884,5,High,4845280682
1075700,,47,4743,8404,14756,2,Low,742234695
1445774,,29,1926,8714,92532,6,High,4628768386
784366,,13,4787,4308,98833,9,Medium,4946005808
1503970,,16,948,7299,31347,6,Low,1568702357
1666346,,21,4948,4841,74905,9,High,3750053644
1401754,,35,2940,7761,58439,9,Low,2924963216
621134,,47,4558,6880,18687,1,Medium,938464536.9
1809420,,38,3099,2359,22945,5,Low,1150527905
1800811,,35,1208,872,64258,8,Medium,3214563464
626620,,30,678,1846,2839,2,Low,142753832
1522527,,2,1125,6872,7400,4,High,371506554.5
1665228,,23,4901,4205,27295,10,High,1369511952
529079,,15,3304,5436,27659,6,Low,1385958968
1400510,,29,373,5062,56990,6,High,2850323364
1153803,,21,1296,760,88695,8,Medium,4436259851
291392,,36,2308,6172,33360,3,Medium,1670083537
906063,,47,3066,9769,85591,3,Medium,4282503285
390663,,3,2601,3910,13520,5,Low,678357717.1
1176780,,50,2361,2401,16285,8,Low,816680725.5
1815196,,18,2313,7779,30319,1,High,1518572976
1128801,,17,2062,7090,65633,7,Low,3283817545
1198443,,47,4331,6965,42548,2,Low,2131523858
289751,,41,477,6024,93255,6,Medium,4663276843
1671903,,44,2502,7795,31314,9,Medium,1568436634
1444545,,45,2867,4071,55296,7,Low,2767758118
352940,,9,1227,6819,88761,9,Medium,4439234607
499268,,47,3773,7743,10265,9,High,516656791.3
759910,,30,400,2427,52434,4,Low,2622315636
1379334,,33,3740,8809,38493,5,Medium,1928337749
147007,,11,4450,8310,56163,4,High,2812006047
1583233,,9,2518,4803,57952,9,Medium,2900307519
693628,,31,2537,8656,59904,9,High,2997624580
1296730,,20,2323,1283,94380,10,High,4721434013
1739096,,22,840,7420,17642,4,Low,883443873.6
1333248,,32,3128,4147,82478,10,High,4127039644
1485133,,21,4595,1174,52950,8,Medium,2651931002
1344831,,38,3479,5079,14101,4,High,708495098.4
1223487,,15,1144,6025,31116,1,Medium,1557217483
1926747,,28,2655,7618,17685,6,Low,887203516.5
1447778,,47,3523,4053,36720,5,Low,1839517045
637371,,15,3938,600,43616,9,Low,2184373680
1061666,,2,4914,538,26840,1,Low,1346550068
569175,,31,997,6977,68128,9,Low,3407467824
82759,,45,2318,4427,34060,9,Low,1705015733
1552944,,4,961,2090,79133,9,Low,3958016085
1878370,,9,1028,1756,5557,1,Medium,279386699.5
962920,,24,1941,7068,36484,9,High,1826207422
225840,,35,4136,6337,26734,5,Medium,1340314687
488509,,42,2420,8087,13142,9,Low,659353235.7
1541496,,4,3805,6654,26324,3,Low,1319990889
1586284,,43,2836,9139,86173,6,High,4311643807
1220668,,23,2606,9093,20983,7,Medium,1051817826
1160325,,42,4880,7393,43576,7,Medium,2183377636
457669,,15,1237,6890,65847,7,Medium,3293580659
935268,,33,1008,9952,38606,3,Medium,1931512984
355473,,9,1276,2090,41695,2,Medium,2085965321
234782,,33,3360,2571,36791,3,Medium,1842498561
399851,,39,4848,4688,30869,8,Medium,1547727148
351899,,5,2719,6943,68380,8,Medium,3421452272
1337080,,9,1084,1373,17215,7,Medium,862143890.5
237818,,49,267,1650,92495,6,High,4625070191
1986146,,31,2877,7745,84313,10,Low,4218813684
1245017,,28,3516,2792,75792,5,High,3793034696
1442674,,15,2790,8509,94966,4,Low,4751199508
766270,,20,1367,8119,75199,7,Low,3761402842
1067573,,38,359,8496,12340,9,High,617704600.6
826436,,27,3118,1039,65644,10,High,3285145390
1847631,,9,1029,2893,52812,10,High,2642129633
854761,,15,3426,4442,45625,1,High,2284474171
1314695,,3,687,1961,59557,4,Low,2978899356
734273,,47,2046,7153,75880,1,Low,3796019618
1779996,,2,3772,7539,27044,1,High,1356048286
765117,,48,1104,3038,67621,2,High,3382269546
1062101,,27,1908,2879,57319,4,High,2867953973
621592,,4,2259,105,42282,7,High,2116238450
450209,,14,4903,4512,57719,9,Medium,2890288083
686887,,15,3395,7379,79164,6,Low,3961346408
1997705,,23,4877,366,57564,9,Low,2883048322
1667209,,20,1069,9545,44334,4,High,2218218436
1213643,,38,1845,4495,84755,10,Medium,4239758823
845592,,24,3916,4169,61602,4,Low,3083737860
59497,,12,4360,4588,70628,5,High,3535139734
1825581,,35,3812,2827,90435,3,Low,4525640421
1279158,,16,1987,3603,90117,1,Low,4507997583
128171,,49,3216,5440,91509,7,Low,4578247940
282146,,13,4473,1273,38325,9,High,1920155544
576197,,12,2152,2400,2624,9,High,133238309
1868100,,35,774,3853,47403,1,Medium,2371475568
796459,,37,872,5230,46391,6,High,2320587476
1164415,,26,1660,1748,71324,1,High,3568026035
885022,,12,3958,2701,2900,7,Medium,148682250.2
1985320,,35,3453,5021,76622,8,Medium,3834746665
374935,,49,1669,3169,19311,5,Medium,967113679.8
644729,,22,2642,2124,18931,4,Medium,949029305.2
550746,,32,304,9199,13116,1,Medium,656277998.6
1896315,,41,2011,6942,90564,2,Medium,4530595335
1730082,,34,938,7909,23193,8,High,1161076681
688661,,38,4081,5201,32915,3,High,1649477444
761194,,7,805,126,1735,10,Low,87701822.9
850248,,28,2791,451,40422,10,Low,2023774424
828165,,25,3134,2552,78767,1,Medium,3941313138
517760,,32,3666,9554,25436,7,Low,1275125041
80496,,48,2118,9103,73212,6,High,3662456991
269859,,44,1402,3723,23601,2,Low,1181350738
1654588,,42,4505,649,10671,8,Medium,537965018.3
1709139,,40,2891,8966,63901,6,Low,3198132764
1853732,,14,4964,8894,76914,9,High,3850592121
216640,,2,1686,4925,99133,3,Medium,4958171477
379371,,19,2772,9697,92515,6,High,4628265502
791089,,9,2820,5391,30062,5,Low,1505788439
1938154,,35,1793,3125,61211,8,Low,3062764416
1365542,,20,3997,6488,43896,7,High,2198694010
857283,,7,4746,2027,13656,10,Medium,687140056.6
1227944,,7,4452,4344,86723,4,Low,4340375680
1211186,,49,3865,2664,68147,7,High,3411071705
1035646,,10,1995,1376,44267,2,Medium,2215412866
1845827,,24,4551,1617,47995,1,High,2404271312
180239,,23,4427,9605,76061,6,High,3806902806
443671,,12,4932,1603,24772,4,Medium,1242952932
144125,,49,3620,8939,26007,1,Low,1303505671
1463561,,35,1373,2919,12182,1,High,610790793.9
918135,,19,1470,3014,77521,8,Low,3877630662
1490818,,17,4906,9219,93061,7,Low,4657766974
601982,,17,4891,9346,75609,4,Medium,3784843449
1062307,,29,2376,8965,36294,10,Medium,1817117300
619259,,1,2643,6391,12685,10,Low,636729388.2
495602,,3,817,5611,41878,10,Medium,2094782298
867106,,16,4378,9257,33509,8,Low,1679499850
1274228,,21,4744,4004,83171,5,High,4163040910
445011,,6,4227,1770,66744,6,High,3340953849
1931168,,26,2965,6345,21814,5,Medium,1093915141
1638797,,28,1780,9316,62677,3,High,3135963229
326575,,36,225,5016,16376,9,Medium,819122411.3
1696724,,39,4077,6589,17512,7,High,879680455.9
1263251,,48,1091,8487,19531,6,Low,977946465.4
634370,,33,2563,5109,70756,10,Low,3540217312
1984238,,48,4810,4452,73516,7,Medium,3680599873
1424350,,24,910,9006,44353,8,Low,2218947418
962047,,13,1009,1202,58863,8,Low,2944348931
992504,,37,543,7960,89602,5,Medium,4480933266
1252838,,7,4127,9602,52198,7,Low,2613871288
1843771,,8,2424,7339,91688,5,Low,4587125027
111270,,13,1681,9753,15398,6,Low,771393737
1740679,,24,4055,1046,85623,10,Low,4285211483
486158,,2,1218,9975,10254,1,Medium,513930632.8
1393278,,8,3293,6270,62884,5,Low,3147503332
1882709,,48,2663,4301,14913,10,Low,748589010.7
496289,,3,1398,5831,22310,5,Medium,1116876939
1629591,,18,4537,4548,31366,1,High,1572740337
1275770,,17,3783,8880,98673,2,Medium,4937336310
81578,,48,2351,8063,98684,4,Medium,4936252820
859955,,29,3963,769,72762,10,Medium,3641774937
537310,,45,2479,6805,96155,4,High,4810067621
1243437,,45,1963,9417,57887,5,High,2896482695
276858,,39,416,8672,29366,3,Medium,1468776860
1732084,,50,1808,6753,25677,5,Low,1286015912
490631,,32,1732,6596,48982,8,High,2450764251
1443814,,36,3474,7459,36098,8,Medium,1808381202
1715528,,18,2433,8844,10919,2,High,548642754.8
968645,,49,1195,7244,10622,10,Medium,532478765.8
106574,,9,2148,1603,61381,7,Medium,3070918188
1471455,,45,2661,8832,54085,1,Medium,2707054339
1700558,,17,4626,4197,77899,1,Low,3899489828
1565215,,33,1842,9027,3122,4,Medium,158240052.8
778257,,24,1982,9118,59814,8,Low,2992682765
1686984,,40,746,5795,82204,10,High,4111443832
1579683,,46,4808,6239,84649,6,Medium,4237110807
1625106,,8,3224,6461,77790,7,High,3892826300
1131566,,38,416,9062,25171,9,Low,1259326863
1048192,,23,740,5058,21014,7,Medium,1051711272
1911983,,25,596,9653,41616,4,High,2082002927
1214345,,25,2715,992,32461,8,Low,1625788251
1774503,,39,2088,4960,72313,1,Low,3618062956
652372,,46,274,8135,54805,2,Low,2740737088
737322,,22,2936,960,8586,10,High,432058702.7
1500756,,15,2390,6119,3863,3,Medium,195723862.1
734239,,32,2156,7898,34740,5,Low,1739113169
1246201,,15,619,1282,41944,9,High,2098167325
438812,,17,3963,3324,68592,9,Medium,3433132484
1906704,,7,3058,6414,97094,9,Medium,4857983521
720932,,15,2513,9424,32457,2,Medium,1625263736
756769,,10,205,5545,19514,3,Low,976154181.7
626745,,47,3622,6293,37814,1,Medium,1894019433
403228,,21,3698,7863,89737,7,High,4490156607
816263,,8,1802,673,82650,7,Low,4134320035
82632,,26,1973,7984,6925,3,High,347979051.2
931280,,25,3967,1654,22396,4,Low,1123505033
1886388,,17,3265,867,29231,3,Low,1464989693
1454101,,45,521,3269,25490,3,Low,1275465358
1808648,,38,4667,5076,57697,4,High,2889467227
1195523,,46,4615,3070,29411,1,Low,1474904378
86904,,11,206,8845,54078,4,Low,2704128949
96907,,19,2196,8305,83871,5,Medium,4195473560
619123,,38,2840,7215,69836,1,High,3494453291
407281,,48,1648,977,77474,3,Medium,3875251551
196683,,25,688,3244,5671,2,Low,284214749.1
1402201,,30,1634,1807,9423,3,High,473037787.9
1163588,,50,2041,9804,79019,3,Low,3953122616
1507423,,14,748,1567,50316,1,Medium,2516968996
896774,,5,4055,1050,37941,5,High,1900813846
1668504,,26,1122,6598,77480,4,Low,3875557291
1494474,,10,988,9057,90629,2,High,4532836708
1776912,,28,747,354,73028,7,High,3652661114
172994,,22,1830,7957,69399,5,Low,3471588580
1538857,,31,4763,3075,3366,7,Low,172898557.5
1678785,,38,4282,5335,65219,4,High,3265195172
159004,,22,4571,8392,13491,7,Low,678514621.4
1977163,,48,2092,5463,85709,7,High,4287939625
1307529,,17,2616,5704,68701,4,Medium,3437747535
1985520,,45,1900,9383,38802,1,High,1942438790
685391,,35,3186,6233,47052,9,Low,2355567769
1576622,,22,3029,1679,99955,7,High,5000883305
1703573,,23,1668,2583,27711,6,Medium,1387573268
279476,,18,3849,7165,39925,7,Medium,1999639539
1632841,,32,4994,4061,12078,2,High,608730386.9
784874,,22,2920,7301,52233,6,Low,2614427598
124442,,3,327,2438,48616,5,High,2431127960
400500,,4,429,3523,4944,4,Low,247714112.5
1828855,,18,986,4325,35852,5,Medium,1794091172
684938,,3,2011,5967,11135,10,Medium,558714355.8
565708,,41,2319,4760,1197,1,Low,62035967.8
1113302,,7,4329,5375,37485,6,Medium,1878333583
155172,,12,774,2318,64113,8,Medium,3206369445
1613180,,21,4999,3795,6490,3,Low,329325770.5
1766967,,21,848,4750,44050,1,High,2203853633
263483,,29,3289,6505,82816,3,Low,4143707612
1354673,,7,966,2906,83009,5,Low,4151753341
451202,,18,1666,9949,42132,1,Medium,2108201053
123373,,4,2903,5226,46596,5,Medium,2332324276
799014,,10,1303,2169,23064,3,Medium,1154593827
562439,,32,2155,5279,29414,4,Medium,1472745641
318269,,38,3980,5022,88396,5,Medium,4423311509
1972718,,33,2047,9677,91259,3,Low,4565408554
1858904,,38,4773,5573,87069,2,Low,4358176159
1687212,,19,2239,7136,54857,2,Medium,2745363794
398633,,48,3518,5414,15292,4,Low,767749116.6
727435,,39,744,7766,42660,3,Low,2133911097
1541644,,18,3832,9587,4170,2,High,212322902.9
1243090,,14,4962,7581,32180,10,Low,1613673414
1744373,,21,654,4072,14685,9,Low,735429130.6
1100324,,20,3030,1967,25432,5,High,1274567931
1305386,,28,1002,2249,33116,10,Low,1657117568
1445365,,40,2624,3095,63591,6,High,3182298815
1168100,,22,3393,4526,29119,3,Low,1459256840
1661968,,8,424,6699,12126,3,Medium,607259796.3
588968,,44,2576,6170,74508,6,Medium,3727816444
105251,,30,1367,6798,39506,6,Low,1976519383
455865,,12,2285,9119,54680,2,Medium,2736126040
346181,,38,435,4208,48024,7,High,2401705993
186527,,42,3180,6609,66944,6,Low,3349989847
1082924,,26,3363,2351,86435,1,High,4324996571
1677476,,22,668,1913,87671,10,High,4384712339
896199,,45,3539,3994,38719,3,Medium,1939287205
1653115,,10,2700,797,4581,10,Low,231926782.8
989085,,4,1652,2506,72116,4,Medium,3607557125
1112750,,17,3667,8786,69792,2,Medium,3493130418
1954660,,48,2999,4820,80412,8,High,4023851091
1113608,,13,1677,249,64870,6,High,3245317395
1298527,,38,1389,6129,40327,10,Low,2018005017
1639031,,32,2772,9919,29686,3,Medium,1487258498
1893928,,27,2318,2333,37752,7,Low,1890242247
1616884,,32,4022,1260,64902,1,High,3249091599
922988,,37,4414,9417,50271,10,High,2517652928
647750,,47,1739,2219,11638,3,Medium,583616050
390617,,42,4257,9326,20121,10,High,1009833521
1848787,,34,4972,7528,41371,4,High,2073446175
852103,,25,3174,3640,34791,2,High,1742558236
1686780,,24,2027,9443,92699,6,Medium,4637289811
1544159,,47,2840,4711,90062,7,Medium,4506071873
169373,,43,2266,3224,86974,5,Low,4350698601
366824,,41,4956,2996,99421,9,Medium,4975403398
1595812,,49,3977,2468,67522,6,High,3380051034
1835709,,33,1790,4730,73860,10,Low,3695179783
844555,,25,3051,178,22057,10,Medium,1105742389
563192,,39,1023,9173,90620,9,High,4532094280
618666,,8,4446,8141,26104,7,High,1309216946
1380154,,33,341,3595,60348,5,Low,3018185851
1889094,,2,3022,1180,12137,7,Low,610083072.9
379888,,8,2109,9108,43860,1,High,2194949341
62789,,33,3487,3756,49285,5,Low,2467249276
761221,,9,2605,3516,64359,8,Low,3220440547
672963,,17,2777,9813,72980,10,High,3651622560
885622,,39,4888,4214,66040,6,High,3306479983
936345,,45,1326,2402,47994,2,Medium,2401166226
1825484,,24,436,3970,43213,9,Low,2161672324
1932278,,3,2264,3711,34838,3,High,1744510335
1119271,,43,4503,2854,68143,2,Low,3411381590
1431554,,21,4407,8629,31813,3,Low,1594921086
357328,,44,3011,8706,92408,1,Low,4623111460
1690880,,15,2373,4377,69261,9,Low,3465671601
1083219,,1,237,2484,17849,2,Low,893036906.7
1193073,,24,3789,6021,16863,6,Medium,846806158.1
290007,,49,1829,4534,59499,2,Medium,2976623367
743295,,34,2021,5585,48197,7,Low,2411846046
572353,,18,4709,619,7417,5,Medium,375056681.1
248521,,20,2122,6754,18144,9,Medium,909109967.4
123091,,20,1920,8494,66238,10,High,3313598717
107258,,48,1264,9039,93538,6,High,4678040298
131241,,25,1450,4164,79967,6,Medium,3999641844
1696893,,23,3418,3442,6786,1,Medium,342810577.6
1264793,,15,4293,2490,64756,1,Low,3241899753
715306,,34,1307,6704,97351,10,Low,4868932147
612724,,35,4681,8210,7862,4,Medium,397318028.4
128330,,46,3557,2305,67313,10,Low,3368729648
1878046,,10,4998,5211,5000,5,Medium,254919843.6
1328048,,5,4883,7415,62467,3,High,3127984504
1517565,,6,1885,6332,46974,2,Low,2350849948
681882,,30,711,8006,52995,5,Low,2650616624
1119839,,44,3927,6101,82251,9,Low,4116300426
834849,,21,1906,210,11192,10,Low,561515342.2
1005996,,34,2439,1736,64619,9,Medium,3233383669
1364726,,11,4025,5768,87494,6,Medium,4378614644
1662776,,29,1439,9278,71378,6,Medium,3570731797
1228157,,6,902,4706,84639,9,High,4233159040
1739969,,38,2447,5476,51199,10,High,2562657189
1796616,,35,1436,8123,58961,9,Low,2949923923
1661389,,34,2247,1573,38481,1,Medium,1926549449
451652,,28,2074,5868,17346,8,Low,869239008.2
479120,,14,4896,506,30132,7,Medium,1510932237
808763,,46,367,9368,82561,3,High,4128673957
135573,,1,944,5121,37501,2,Medium,1875912773
1922724,,44,3815,312,49395,6,Medium,2473671763
1922800,,38,3686,2315,37007,1,Low,1854166428
1884357,,49,3041,7714,94211,5,Medium,4713819540
795314,,18,2992,2312,85072,4,Medium,4256429500
1902839,,10,3824,7609,59136,5,High,2960736616
1759452,,19,3709,9602,42073,3,Medium,2107444743
713947,,12,2720,7722,79522,9,High,3978682626
1792830,,9,577,3825,69597,8,Medium,3480978583
1979201,,14,1126,3383,68923,7,Medium,3447809958
1258120,,41,3257,7341,69706,6,Low,3488532065
950667,,26,3136,4016,34231,7,High,1714561493
703081,,20,3762,886,4115,1,High,209198393.4
1838539,,49,2434,9925,8138,6,Low,409643081.2
1902767,,32,997,2325,26426,3,High,1322823071
75511,,6,418,1355,31296,5,High,1565185836
1103990,,24,818,7332,36267,5,Low,1814452907
1617094,,15,4893,2871,36570,4,Low,1833234010
883322,,43,3508,9013,41440,10,High,2075318655
1103303,,15,3113,3823,78884,2,Medium,3947243564
1051899,,20,3068,6574,35341,4,Low,1770044800
184241,,36,3836,5295,6781,9,Low,342392641.9
1386526,,42,2350,5514,22289,5,Medium,1116951609
912128,,6,2649,6129,20337,6,Low,1019436937
1393809,,9,4688,1701,53575,1,High,2683227966
1741816,,19,3421,9974,90537,7,Medium,4530394701
1225961,,17,612,4637,84586,9,Low,4230262919
326752,,29,3882,7395,1506,1,High,78736030.7
845598,,40,4024,3798,35803,4,Medium,1793880654
299475,,8,4096,4644,97162,9,Medium,4861698986
644077,,35,1318,1092,47900,1,Medium,2396352657
263541,,50,4603,5292,42900,3,Low,2149024019
1887145,,17,2990,4371,66157,4,Low,3311064968
864957,,40,1936,7900,9818,4,High,492872885
1154809,,13,1821,3453,84082,4,High,4206062226
1404286,,5,4997,1403,91067,3,Medium,4558093058
1380344,,45,3597,343,20647,4,Medium,1035896828
1764863,,47,1744,678,78197,5,Low,3911957437
1731636,,33,3214,3710,87806,1,Medium,4393651208
1583375,,3,4386,7033,98171,9,Low,4912850224
1531857,,44,983,515,91812,10,Medium,4591978267
216680,,12,2857,3139,18456,4,High,925313575.5
678470,,16,349,2621,76039,5,Low,3802492587
1114389,,25,3730,6238,7394,4,Medium,373279131.2
1918373,,43,3660,2571,10309,7,Low,519244018.1
281472,,17,4389,9680,58731,10,High,2940405405
885688,,5,3211,7439,25807,3,High,1293408538
1025864,,40,3733,145,70750,9,High,3541037265
1928497,,30,1244,3456,69870,3,Low,3495244614
225288,,44,3903,8515,38100,9,Medium,1908422968
1343228,,34,3596,795,11597,9,Low,583382797.3
1261411,,37,4888,3556,46609,10,High,2335059624
1138356,,19,4957,438,12910,6,Medium,650115249.6
1591433,,37,879,8356,97272,8,Low,4864929482
1006875,,29,1065,3734,75739,1,Low,3788220471
623500,,21,2979,9996,98322,8,Medium,4918877885
417720,,2,473,8711,44187,4,High,2209920270
410480,,5,561,3315,22785,3,High,1139879406
1947506,,44,2352,3544,85214,6,Medium,4263394967
1602083,,27,1256,2854,90623,4,Medium,4532788704
732065,,21,1430,6341,61628,3,High,3082890095
1754168,,26,216,8344,12238,4,High,612721538.8
923216,,36,4881,6395,67204,9,High,3364692283
1597456,,12,1283,1469,79946,10,Medium,3998954772
407797,,20,394,2412,35649,2,High,1782936059
402208,,2,4201,1553,9148,3,High,461115745.3
546225,,35,1931,2086,62220,2,High,3112841944
488606,,38,2250,2710,27863,2,Medium,1395244847
1788585,,7,3099,1764,52596,10,High,2633065405
1408614,,47,4972,5211,62102,6,Low,3109837882
1269655,,16,4754,4902,87419,7,Low,4375449454
1140739,,36,2908,5010,81881,1,Low,4096937904
1894293,,40,3287,6279,26797,8,Low,1343327450
1848018,,45,417,503,88143,1,Low,4408157914
1617049,,8,1729,1890,82067,4,Low,4105391302
1587055,,2,3489,2448,83985,9,Low,4202777479
1763374,,33,2542,7199,74782,9,High,3741899838
439835,,3,3236,5000,3616,7,Medium,183717402.3
261458,,28,2670,9196,41584,10,High,2081587360
1911365,,49,3392,6534,58347,7,High,2920924393
646963,,37,2317,4325,33164,7,Medium,1660411140
1290954,,5,4860,9607,27268,10,Medium,1368007451
1674370,,15,1693,9547,99810,9,High,4992550747
520201,,17,812,3603,42665,9,Medium,2134133318
634237,,30,4626,8140,32187,4,High,1613528033
1219149,,1,2862,721,60782,4,Low,3041961325
564720,,9,1921,4024,83964,9,Low,4200041642
1315884,,15,4160,3562,6729,8,Medium,340457264.4
438365,,29,4639,4178,68232,4,High,3415710503
1777091,,8,4869,2210,31501,1,Low,1579817117
863260,,44,377,4798,95520,3,High,4776639866
1038162,,46,2764,5475,4824,2,High,243931964.2
1336588,,11,498,5203,44059,2,High,2203855433
279497,,20,3721,2203,2922,10,Medium,149368581.5
541169,,46,4787,9570,83808,2,Low,4194687804
1753430,,14,2925,1662,41545,1,Medium,2080355786
1338359,,21,3112,4296,89136,3,Medium,4459926886
1677612,,24,3408,6846,87544,8,Medium,4380703959
718371,,34,1897,8339,54835,5,Medium,2743638807
1118993,,42,2406,1408,36583,6,Low,1831595308
549540,,36,2474,6139,60898,4,Medium,3047214907
490814,,38,349,7064,57459,5,High,2873440655
1308071,,12,671,4539,33608,9,High,1681440962
385390,,25,4591,9424,82941,9,High,4151113797
244422,,21,291,2651,37409,10,High,1870792045
1718250,,48,1624,6069,17457,6,High,874852720
1985716,,33,2243,560,77179,5,High,3861556911
248010,,6,1667,4443,25965,7,Low,1299765581
1168059,,50,1921,9438,95134,4,High,4758771266
1563861,,8,3887,9371,43154,1,Medium,2161575689
1802102,,44,4260,5746,46018,3,Medium,2305171381
1722050,,28,1879,9194,63678,6,High,3186126213
1481350,,15,2706,7383,11452,8,High,575438830
61150,,8,502,5716,86731,4,Medium,4337013353
655063,,41,3042,3715,86197,6,High,4312679180
933678,,33,2321,791,67219,3,Low,3363255575
1824047,,23,3843,7727,9944,2,Low,501127044
321164,,48,721,8468,81182,3,Low,4059852187
490756,,7,2920,8273,14068,1,Medium,706075287.1
800482,,25,1598,9901,59064,5,High,2954866221
1995954,,14,2418,9319,98442,7,Medium,4924878861
1391198,,31,995,8673,28006,10,Medium,1401658072
1203354,,25,2046,8417,94371,2,High,4720734316
440564,,38,1932,8287,19615,9,High,982571674.9
758173,,27,4292,9010,33182,2,Medium,1663039326
1924022,,17,1696,4160,34809,4,Low,1742577448
1605490,,3,3572,6734,97142,5,Low,4860715317
1986999,,46,2152,6929,64594,1,Low,3232247492
840844,,23,4150,8885,50009,4,Medium,2504296768
264050,,30,582,5476,6489,7,Low,325054407.5
521912,,2,914,9706,63378,6,Low,3169884074
112310,,27,1073,2393,21320,5,High,1066960581
1410095,,13,3204,3313,31664,5,Medium,1586426776
1030393,,5,4516,2559,88782,8,Medium,4443306235
1259578,,43,2635,5786,43297,7,High,2167550227
82271,,31,2606,3061,21004,3,High,1052455267
1596708,,27,2536,4312,26657,3,Medium,1335578468
468688,,28,1919,9460,3019,6,Medium,152772200.8
493304,,20,3619,8913,81712,5,Low,4088873489
894999,,15,4572,6746,79624,3,Medium,3985418115
432201,,15,717,9537,95343,7,Medium,4767936363
1515164,,46,1632,4449,73928,9,High,3698334150
991829,,45,1474,4671,84868,9,Low,4245017118
1455025,,5,3632,9231,72167,3,High,3611970136
209220,,30,3270,2111,26644,7,Low,1335061605
1299729,,33,4162,6125,96253,7,High,4816661878
637812,,19,1843,4392,14548,9,Medium,729203044.2
1605772,,49,4555,3490,41508,9,Low,2079848375
1285369,,29,4400,8892,17149,9,High,861665589.2
905185,,22,3358,8987,70918,5,Low,3549096222
1797401,,35,580,3699,8822,10,Low,442235537.9
267488,,41,4355,4701,28135,4,High,1410562043
178250,,10,2401,2839,35599,1,Low,1782061535
384599,,27,3216,362,18060,3,High,905872354.7
92983,,3,1785,3379,86010,8,Low,4302058602
538673,,48,1878,1144,37666,9,Low,1885093456
295946,,14,1059,357,23102,2,High,1156106304
529073,,19,3729,9518,93091,1,Low,4657930901
1355853,,16,1283,3680,7266,5,High,364876218.6
285217,,10,1082,4953,7072,1,Low,354633108.5
163423,,23,2033,8028,53103,5,Low,2656958078
1715653,,14,4260,258,33617,3,High,1685073804
173799,,43,1669,5610,95828,2,Low,4792898665
1289396,,5,1745,6246,98823,2,Medium,4943100754
1510488,,9,441,7477,65123,8,High,3257073293
1219775,,49,4623,7659,12551,10,Medium,631931498.8
950546,,47,220,3536,78002,1,High,3900634171
1944569,,4,3618,2747,84238,3,Medium,4215663247
377797,,3,443,6811,45654,2,High,2283226166
1306555,,13,4053,6889,17039,7,Low,855871126.8
1643283,,16,2353,4922,18503,1,Low,927739424.1
1682945,,13,2412,9732,47041,7,High,2354715121
307912,,30,1460,709,70355,8,High,3519104142
1573631,,26,2926,716,41260,10,Low,2066042781
358856,,27,1511,4303,77112,9,High,3857023947
1164940,,8,2084,7631,14829,8,Medium,743649166.5
1702413,,7,755,4896,27427,9,Medium,1372600675
414367,,7,1006,2744,69802,5,Low,3491107828
1844654,,34,2263,9197,50908,7,Medium,2547996251
1485046,,10,1779,6081,28444,1,Medium,1424248319
931290,,24,1461,7557,18555,6,Medium,929339574
1368363,,14,3223,8618,57518,7,High,2879141702
1260668,,25,4925,8411,59743,10,High,2991801511
1478232,,21,3982,6634,60227,5,High,3015271186
1318220,,1,2285,3069,9914,4,Medium,498111419.5
1287485,,16,4551,9187,11884,8,Medium,598543857.3
950560,,2,2627,8875,17075,3,High,856338073.5
239059,,19,1556,7226,62464,2,Low,3124626616
1717109,,18,1481,6433,35491,5,Low,1776428081
1672374,,15,3451,3545,59491,5,High,2978079343
717406,,17,3877,244,57995,1,Low,2903299192
1626649,,30,1537,1442,11136,3,Medium,558682982.2
1610951,,47,1313,4586,32379,1,Medium,1620646988
96216,,27,1406,4420,26936,3,High,1348043066
214320,,6,2902,8910,74858,1,Medium,3745464707
1142875,,28,4447,699,50217,7,High,2515035064
569629,,49,1240,2450,63055,4,High,3154015375
1506524,,10,1125,3081,71411,9,High,3572042436
1025155,,42,4211,6836,56621,2,Medium,2835010284
691035,,38,1720,7366,89422,7,Low,4472826837
446613,,11,1074,2193,61788,5,Medium,3090476017
1134129,,26,3437,3027,92577,3,Medium,4632179083
179178,,7,4551,8078,14440,6,High,725952097.3
1714823,,16,2398,2525,49088,7,High,2457046721
1152349,,24,3094,6056,88247,3,Medium,4415401242
851641,,9,3895,1611,72854,10,Low,3646313932
300877,,47,3162,6065,32550,8,Medium,1630313809
625881,,12,2346,6676,97644,7,High,4884431288
1640003,,7,2564,6007,13289,7,High,667219258.6
1597721,,40,3720,1272,47862,2,High,2396829182
1915258,,26,4501,8693,5602,1,Low,284621042.8
1305041,,46,3440,2496,46593,6,High,2333042524
1630118,,49,3847,9892,45718,9,Low,2289771101
1739439,,36,2002,518,70929,2,High,3548766119
911573,,25,1798,9524,69758,3,Medium,3489774161
1546593,,38,2829,5623,31623,1,Low,1584114575
1621110,,22,2801,2344,28402,8,High,1423056739
610632,,10,3494,952,41403,10,Medium,2073337201
557718,,42,4722,8608,59253,9,Low,2966885461
168224,,42,2486,7154,89735,1,High,4488944903
681580,,29,4350,9624,34844,6,High,1746163593
1958886,,11,2289,7006,68010,1,Low,3403150095
1795286,,3,3227,7040,75264,5,Low,3766589260
657459,,19,1261,6982,58271,7,High,2914871696
597480,,44,1990,8972,70186,1,Medium,3511228328
1517372,,7,2894,7544,17423,1,Low,874160680.2
1088778,,50,974,9485,65883,4,Low,3295388685
1524597,,46,3091,6805,18690,4,High,937683491.5
434328,,49,2708,5323,44586,2,Medium,2231773002
1015199,,44,4324,4913,29077,5,Medium,1457898282
1541946,,34,465,9553,69735,6,Medium,3487712894
1846628,,36,279,6688,59441,4,Medium,2972954510
466000,,49,3129,6003,41491,8,Low,2077393638
1889473,,30,2172,3370,46127,10,Medium,2308869541
554135,,15,2135,7781,48140,6,High,2409029950
278124,,50,3350,5036,34643,3,Low,1735113433
1797635,,2,2327,3037,54535,6,Low,2729364955
311657,,46,280,7806,90467,1,Low,4523722115
1328557,,43,4569,8204,27677,3,High,1388224315
489081,,33,3495,327,61063,6,High,3056296706
1682636,,5,1353,690,15696,9,Low,786541297.6
1478554,,43,741,743,94452,4,Medium,4723754361
1642758,,43,4693,6625,48555,9,Low,2432335738
590511,,20,4239,5857,97069,3,Low,4857276871
671311,,46,4477,9161,61890,8,Medium,3098568831
595790,,4,483,9662,20314,8,High,1016343712
747441,,9,1582,9913,23579,3,Low,1180582167
739136,,7,1901,925,1366,7,High,70177700.1
1452463,,9,4557,8988,46100,7,High,2309405362
1582403,,47,1999,9500,88336,2,Low,4419082381
1768700,,35,1209,8391,44405,10,Medium,2221921873
548054,,48,475,7103,88796,10,High,4440419086
142318,,32,2807,3133,60498,1,High,3027347434
1307000,,35,1022,1945,36961,8,Low,1849385213
97647,,36,4028,4817,4819,4,High,244424339
1463620,,29,2627,651,38368,8,Low,1921150325
1236860,,3,4491,5324,32142,3,Low,1611363921
1833197,,44,2498,446,53327,8,Medium,2669121314
562559,,11,3120,8896,15348,9,High,770272455.7
847000,,30,4540,5169,56198,8,Low,2814071973
1449850,,44,543,8591,38858,10,High,1943895755
304115,,32,3645,3064,57636,7,High,2885016190
1980521,,26,3456,4209,56808,3,High,2844044425
551101,,36,2984,7661,1927,8,Low,99102757.85
145877,,49,3923,7435,9082,8,High,457510074.5
90467,,40,4430,391,55974,6,Low,2802502941
1633910,,34,559,928,80071,1,High,4004603419
488047,,46,2264,198,67092,2,High,3356701231
1025352,,47,4275,8640,25855,8,Medium,1296769863
837024,,13,4695,7303,34246,8,Low,1716603526
1052969,,25,4979,5468,39870,2,High,1998117359
1168593,,46,331,7732,47926,10,Medium,2397015208
734102,,46,954,8704,65769,10,High,3289545116
1618123,,17,463,9469,18596,6,Low,930785605.6
1462448,,19,686,6290,20390,7,High,1020612962
1057230,,12,1918,8219,9574,6,Low,480722318
1823238,,2,3363,8405,55339,10,Medium,2770467936
1774254,,22,1751,592,33990,6,High,1701613459
508633,,2,504,1826,23341,10,Medium,1167661227
1744116,,21,991,4089,14918,1,High,747365533.1
1054885,,36,4635,4267,7917,5,High,400173947.3
1587226,,9,2111,9903,81002,1,Medium,4052475717
609677,,11,534,2232,19327,6,Low,967024187
1024562,,42,2689,7299,84436,8,Low,4224467534
1867288,,29,3721,1654,68198,8,High,3413724016
426703,,26,3435,2263,84245,4,High,4215327874
58147,,23,1132,2021,58939,7,Medium,2947940364
723705,,7,4946,8773,64207,9,Low,3214830169
547797,,48,1215,2880,37007,6,Medium,1851587439
1690516,,22,2552,2526,86326,9,High,4319069836
1608804,,33,4677,2648,91248,9,Medium,4566949111
1557719,,8,1330,2154,64650,4,High,3234182047
952863,,7,3738,6240,97389,5,Medium,4872977242
1921082,,39,2127,8250,7769,5,Low,390955633.7
1064613,,1,238,8148,71850,5,High,3593095405
1359914,,40,4295,2099,44664,6,Medium,2237336767
1261130,,45,761,318,93851,9,High,4693644441
1352264,,48,531,6342,57566,1,High,2879246257
865942,,48,1719,1397,18776,5,Low,940573482.2
61557,,7,1437,9483,92128,10,Low,4607667542
1465985,,45,3831,586,50011,7,Medium,2504326310
421784,,9,4967,2878,42267,5,High,2117727849
1476379,,45,959,3816,86648,6,Medium,4333746823
1344815,,33,546,7739,55569,4,Medium,2779408093
847089,,32,2896,8317,30330,7,High,1519282714
972302,,24,4196,6749,62551,9,Medium,3131476658
228954,,50,4279,8389,35475,9,Low,1777494256
744970,,48,2852,7630,15400,5,High,772709774.5
51069,,38,4533,9625,9883,2,Medium,498049546.7
1626219,,28,3280,7606,42628,4,Low,2134779552
1389597,,6,254,3711,78639,2,Medium,3932662256
1673967,,33,287,8941,14453,5,Medium,723506151
924020,,14,4469,4659,14284,10,Medium,718335384.5
150093,,31,576,6797,14649,3,Low,733012845.1
289883,,38,2310,3099,75799,1,High,3792027267
1208256,,42,2161,820,84059,4,Medium,4205216830
1055607,,33,2427,7486,56353,3,High,2820105087
1548487,,49,1886,5257,47790,8,Low,2391664093
1018440,,3,2459,3987,34012,2,Medium,1703056932
1365325,,33,3118,966,98602,2,High,4933234539
824087,,9,2296,8229,54401,6,Medium,2722311683
653223,,5,1074,8953,89850,10,Low,4493664511
1209895,,29,4924,1950,17134,4,Medium,861317218.3
703652,,2,3030,3930,48195,5,High,2412581843
1283436,,9,3419,4914,66182,8,Low,3312468718
1283494,,34,4998,824,99360,1,Low,4972703663
1622523,,26,1672,7346,94488,9,Low,4726410568
530437,,45,2215,6177,89019,4,High,4453039245
1806016,,21,1662,952,41728,6,High,2088449706
882080,,39,3256,8616,26258,4,Medium,1316002548
279987,,19,4371,6065,5793,10,Medium,293480788
926563,,48,2093,7372,35843,4,Medium,1794277537
353132,,35,1610,1249,15741,9,Medium,788549418.7
234334,,35,1974,2007,55567,8,Low,2780119134
1048389,,5,609,4884,14267,4,High,714247396.2
1587658,,42,4502,2977,14725,1,High,740644862.8
451308,,20,1914,4377,71267,7,Low,3565148200
1811744,,30,3294,2636,18500,2,Low,928444200.4
1378955,,5,3769,127,88833,1,Low,4445337202
837435,,1,3575,5406,70491,2,Medium,3527895487
118128,,24,389,980,66769,5,Low,3338827325
536780,,46,4620,5810,82515,5,Low,4129884918
1603308,,39,989,4426,15627,10,Low,782767552.8
1458472,,27,3350,4138,52141,9,Low,2610421550
1979802,,21,721,6803,58400,4,Low,2921325308
191160,,4,4057,5397,13781,8,Low,692579328.5
669381,,18,2726,5979,58159,4,High,2910518491
1198019,,37,958,7449,30556,9,Medium,1529056669
471728,,22,4123,5579,92247,3,Low,4616036242
493842,,27,3062,7225,16504,10,Medium,827996847.2
748936,,1,4501,1272,78290,10,Low,3918591278
596489,,6,988,5221,47485,1,Low,2375312344
1976025,,33,1920,2143,58102,6,High,2907432926
1275002,,4,4163,9519,95792,8,Medium,4793609078
1269587,,39,230,1103,72450,1,Low,3623147293
932824,,40,2863,8699,37019,6,Medium,1853736586
691391,,45,1361,6864,73639,10,Medium,3683371397
236784,,41,3101,395,99798,2,Medium,4992624632
900865,,37,362,8649,22567,8,High,1128999065
1109584,,22,1550,3396,16490,6,Low,826216984.4
1258024,,46,3477,4643,96280,10,Low,4817412886
805861,,36,3510,1194,20304,1,Medium,1018472856
678529,,14,445,4579,49677,3,High,2484478863
1090787,,48,1518,3134,51152,9,High,2559285670
1260512,,12,3841,6450,48972,6,Low,2452323594
1353029,,12,3232,3104,65694,8,Medium,3287929960
857678,,13,384,8925,17966,2,Medium,898950459.8
377607,,42,594,2920,40508,6,Low,2026049402
1387626,,47,1678,1723,56086,4,Low,2806221917
1098521,,43,4386,7379,39452,8,High,1976736190
396775,,5,920,4054,5471,8,Low,274481606.3
1625101,,38,811,9750,37099,8,Low,1856237070
1581042,,19,2356,9157,15646,5,Medium,784881137.2
1085969,,32,2912,9244,49507,10,Low,2478232239
90645,,10,3737,4181,51309,1,High,2568669828
1335587,,36,1048,8915,22173,2,Medium,1110034863
1933269,,18,2555,8355,35532,4,Low,1779471442
208026,,39,2845,9345,95697,8,Medium,4787369102
225937,,20,4720,2244,52321,1,Low,2620149088
1092758,,38,1520,8359,91452,8,High,4574299923
1604245,,28,2578,6182,48504,9,Medium,2427971601
760898,,47,325,6970,76138,4,Low,3807465629
147074,,33,2160,7121,81945,8,Medium,4099159238
1935008,,20,772,800,73599,7,High,3681287853
788086,,40,552,3518,87361,8,Low,4368808625
1389711,,47,4067,1309,81527,3,Low,4080302261
815455,,30,3631,5741,94290,7,Low,4717889712
510441,,25,1575,2594,90405,3,Medium,4521776889
1842829,,3,4146,9448,73741,2,High,3691243070
55361,,27,4614,1356,21383,8,Medium,1073097906
1013357,,5,569,9297,65330,2,Medium,3267362167
838418,,47,3442,7660,57344,1,Low,2870443936
995536,,36,1035,3812,16470,2,Low,824742037.6
1249444,,26,4494,2369,50887,10,Medium,2548616248
1231529,,31,2409,3147,63552,1,High,3180090273
1646587,,17,630,4974,29736,3,Low,1487926280
1916617,,10,1200,5578,38678,6,High,1935605961
1932660,,44,3648,2523,2285,9,High,118038818.5
1430940,,48,2637,7361,96037,2,Low,4804616442
78597,,33,3806,3622,26838,5,High,1345175624
224173,,37,2875,9453,56405,5,High,2822800283
1875396,,4,2842,4966,76012,10,High,3803684984
1689455,,33,4588,4966,97997,2,High,4904357484
1159802,,30,812,4376,8257,1,High,413960670.7
549951,,31,320,503,55779,10,Medium,2789419460
1398602,,50,1917,8678,40385,9,High,2021396656
998689,,50,4480,7563,64839,9,Medium,3246132449
943219,,43,1447,2203,26713,6,Medium,1337220744
387970,,31,780,5264,76545,7,Low,3828065670
1212723,,24,4589,2337,23238,9,Medium,1166233826
844413,,50,1997,8198,83549,7,Low,4179469490
450652,,37,1074,3261,18641,10,High,933133220.7
1569338,,19,1083,9334,7204,2,High,361695433.3
1715905,,19,4745,6729,25288,2,Low,1269052919
167700,,29,1285,6031,39376,6,Medium,1969969503
1618598,,7,1674,4579,60684,7,High,3036201697
845811,,23,3209,8331,79369,7,Low,3971497271
1921543,,28,4441,2232,23646,6,Medium,1186756330
783237,,47,1261,8787,63487,3,Medium,3175723590
1288704,,49,1223,5816,32310,5,Low,1617011016
945658,,29,4826,8725,72556,4,Medium,3632258373
1515004,,19,4245,8248,75298,1,Medium,3769061401
752803,,10,4293,6553,32875,7,Medium,1647680114
1128411,,7,3485,1627,92646,3,Low,4635662101
1855220,,43,868,8435,27823,4,Low,1392563375
1084002,,43,1128,9535,20566,6,High,1029667198
1438537,,46,3069,6253,60482,7,Low,3027233290
1998645,,7,653,9137,83294,7,High,4165978258
1747078,,23,1755,1904,47317,8,Medium,2367960747
134324,,40,772,9862,1712,7,Low,86332668.4
1574634,,40,1695,736,43109,2,High,2157448512
959013,,14,3213,3257,39391,10,High,1972626527
1517877,,15,1368,3269,68756,2,Medium,3439504029
418354,,24,2616,6732,4872,1,High,245989733.9
1566700,,43,1237,5434,67178,8,Low,3360518540
1816852,,33,2980,6218,33994,7,Medium,1702888403
1325700,,24,3299,974,78007,5,High,3903623460
1050977,,10,1715,5978,81894,5,High,4096541737
1257864,,37,4186,5631,34886,6,Low,1748316870
51391,,5,4078,6931,98496,2,Low,4928302214
119224,,19,658,4031,88796,9,High,4440413386
1538113,,27,1450,1661,62667,2,High,3135128232
103080,,6,4594,6397,88035,7,Low,4405707691
950222,,14,4587,7798,5183,1,Low,263402702.7
1529169,,8,722,4060,64659,6,High,3234110019
1820234,,26,2291,6030,92564,3,Medium,4630802627
322295,,45,3384,7927,45658,8,Low,2285914421
935923,,8,4080,3496,14373,7,Low,722455273.1
618494,,46,915,6868,37528,7,Low,1877416913
1428734,,5,3356,955,89119,3,Medium,4459305644
825392,,14,2925,5728,42659,1,High,2135741137
1470176,,2,413,2531,51358,2,High,2568772179
121260,,32,2925,6408,79447,7,Low,3974898551
494712,,29,604,8551,87475,6,High,4374461407
625701,,40,1950,7365,31851,10,High,1594449708
230999,,7,942,4102,85140,3,High,4257892645
1149029,,21,4624,8931,64628,6,Low,3235757408
370427,,12,902,8437,43898,9,Low,2195818882
1658716,,7,3732,8051,69524,7,Low,3479973718
787025,,45,1536,336,68313,3,High,3417237299
421101,,9,295,690,74243,6,Medium,3712550940
1053517,,34,1987,5225,58740,5,Medium,2939074823
1274207,,42,1134,2607,52114,10,High,2607121430
121207,,31,2946,3173,17469,2,High,876008175
929187,,33,1179,7839,87323,4,High,4367500923
1275427,,44,280,5246,37248,5,Medium,1863102794
1724971,,25,4581,8403,29463,1,High,1477671597
377357,,38,3285,2847,9575,3,Medium,481686002.5
1357611,,14,4609,4500,73848,3,Low,3696805744
1101635,,27,2864,479,98718,4,High,4938724410
1584454,,24,3032,478,58039,9,Low,2905085834
505868,,14,2109,2416,88433,2,Low,4423627424
1511118,,36,4913,7041,34981,6,High,1753776864
685215,,14,1441,5877,32545,3,Low,1628731048
807060,,12,782,2692,17989,9,Medium,900405341
428822,,2,2856,1091,50935,1,High,2549330655
1897231,,23,4855,8258,87500,6,High,4379814186
940477,,42,2176,4162,40731,2,High,2038744212
1828894,,47,633,6906,32314,7,Medium,1616901068
1051369,,25,1742,4695,75331,8,High,3768413417
995409,,24,2768,5961,40084,1,Medium,2006918976
642123,,32,259,9558,34736,3,Low,1737272628
602117,,33,1280,4907,93401,6,High,4671364968
280976,,50,894,8661,7644,6,Low,383085894.1
612949,,23,3408,6074,52490,2,Medium,2627629277
1988249,,5,3136,6567,5172,4,Low,261978504.7
1995348,,43,1469,3482,27383,7,High,1371110887
1986806,,15,3632,6127,64921,8,Low,3249849700
1384172,,41,1287,7376,81073,6,High,4055251770
144217,,1,3983,2390,41352,4,Low,2071042121
1131145,,44,651,766,65449,6,Low,3273406446
1453642,,48,1440,3346,35374,6,Medium,1770446900
1344064,,27,2689,2999,48086,5,Low,2407066810
1261359,,8,1749,8784,21426,1,Low,1073251046
1052421,,8,610,6187,18769,1,High,939353274.9
367365,,20,1292,7688,57123,1,High,2857398398
1074625,,39,2570,4800,37342,5,Medium,1869677299
1129934,,26,4868,422,83468,7,High,4177937452
512849,,9,4443,9628,27386,5,Medium,1373281197
1683561,,27,3539,195,55003,7,Low,2753751124
264433,,12,4343,3444,67459,9,Low,3376744152
1988480,,46,266,9627,70283,10,High,3515101656
673990,,1,4586,768,18201,4,Medium,914186036.5
586632,,14,3581,9777,10051,2,Medium,505825293.7
478329,,24,1401,2368,37350,3,Medium,1868867065
1714085,,43,4535,3176,76305,1,Low,3819717780
1354813,,21,2297,6941,22664,5,High,1135646507
885858,,20,3816,1768,53545,9,High,2680810470
1785654,,37,1579,6235,83396,5,Low,4171787156
924786,,3,737,5782,54467,2,Low,2724314940
676184,,36,1531,6670,41638,1,Medium,2083459009
1356014,,14,2737,9492,89479,3,Medium,4476776465
264300,,15,1033,3399,35084,9,Low,1755180853
1067839,,34,3009,2458,71967,3,Low,3601291619
996631,,43,4911,5749,66803,2,High,3344692703
423695,,4,3860,824,28230,1,Low,1414931833
161499,,8,1578,7032,66985,6,High,3350666365
297304,,37,1505,458,82090,10,High,4105888891
219492,,9,972,458,39233,2,Medium,1962555247
1368954,,27,2277,8433,69853,5,Medium,3495088906
223176,,40,1645,3364,14093,8,High,706139571.6
1774722,,35,2756,3877,3114,6,Low,158677645.2
855636,,13,3691,1647,34147,8,Low,1710792500
955205,,27,1024,6938,41499,3,Low,2076175307
185843,,50,3748,5242,95646,9,High,4785569950
565334,,46,659,9399,39100,3,Medium,1955787034
1648105,,8,2244,2890,41806,1,High,2092792422
1950637,,44,3957,324,40297,7,High,2018902263
1336106,,12,2693,2878,38159,10,High,1910715322
551197,,30,3368,5469,79722,9,High,3989172991
1712629,,31,4153,3304,17201,6,Low,864191450.2
1186299,,21,3972,7128,90079,5,Low,4507761745
342995,,9,2264,3602,66586,2,Low,3331354533
607514,,44,3105,1644,11499,10,High,577811269.9
1352986,,43,4518,8033,40268,4,High,2017739088
1607777,,20,798,9885,53424,9,Low,2672468134
891047,,18,3035,7810,48276,1,High,2416713301
799564,,1,330,3751,28766,4,Low,1438869845
112232,,42,3059,8350,82806,3,High,4142965346
1501146,,10,1913,8017,1554,1,Low,79872693.6
1775291,,17,2254,4074,12765,1,Low,640799476.9
863680,,1,3152,2808,46235,8,Low,2314738628
1874286,,3,693,2151,8007,4,Medium,401600787.6
659740,,16,3266,884,89746,2,Low,4490311139
553482,,48,4209,8601,74098,1,Low,3708698631
1552918,,6,491,4087,77132,2,Low,3857571809
935167,,46,4550,1398,42037,4,Low,2106053823
1673233,,49,4689,785,33011,9,Low,1655129124
1520839,,32,2353,1181,41766,5,Low,2090839136
476691,,15,720,5700,44903,6,Low,2245944892
404855,,5,1609,3532,25463,8,Low,1274668779
1503026,,31,2246,7880,71685,4,Medium,3586708579
1591774,,34,847,9413,69933,8,Low,3497954683
1932923,,19,3861,947,82807,4,Low,4144313021
194431,,43,815,9890,97150,7,Medium,4858290686
179720,,4,4899,3961,10647,7,Low,536587434.5
1319412,,36,1665,4297,86168,1,Medium,4310292107
835956,,2,3461,2168,15939,2,Low,800190094.6
1640851,,3,3638,4229,4478,1,Low,227577530.4
1459070,,1,514,6159,76126,1,Medium,3807263092
1198271,,19,4592,1071,6845,7,Medium,346577552.4
866893,,36,4892,7742,21831,5,High,1096035288
1187416,,14,3548,1601,92053,5,Medium,4606087078
1621904,,43,3776,8720,53514,8,Medium,2679504226
747966,,5,4179,5717,95747,3,Low,4791178831
150772,,43,910,7446,20247,9,Medium,1013200045
1331175,,5,947,919,17869,1,Medium,894723758.8
992686,,32,1820,1114,44473,2,High,2225551065
1201841,,3,2518,7069,52779,4,Low,2641528977
157975,,40,1616,1527,95029,10,Low,4752887509
216281,,17,750,2773,53012,1,Low,2651322171
641194,,13,3137,4288,85221,1,High,4263953148
969050,,40,771,5969,63824,1,Low,3192214240
295837,,37,1176,2738,6964,10,Low,349314428
166633,,47,2898,3000,95461,5,Medium,4775584762
324567,,9,1737,6152,68554,5,Medium,3429306508
1474681,,27,3455,4389,47365,4,Medium,2371717101
1017923,,16,3103,7616,26313,4,High,1318664783
272580,,1,3513,4219,72331,9,High,3619642121
1500426,,31,3412,9940,95022,7,Medium,4754553919
1170568,,17,3533,2112,56774,6,Low,2842120069
1400448,,31,4095,2310,13557,5,Low,681830401.8
1331051,,50,3839,9156,69695,8,Low,3488507908
410365,,45,2691,1425,83173,8,Medium,4161089940
1355840,,21,4509,8766,85037,1,High,4256181629
93453,,47,1674,263,46850,3,High,2343961906
1386964,,18,3936,9418,1085,5,Medium,58106742.4
503703,,46,1550,9354,26298,9,Medium,1316422701
784501,,30,2581,4246,87671,2,High,4386032640
1312348,,32,606,5220,40099,5,Medium,2005941312
1818736,,2,4418,6452,42830,1,High,2145908228
1785111,,13,2337,4127,16710,2,Medium,838123116.4
122315,,12,595,2718,10923,5,Medium,546706795.3
850334,,5,1479,3742,33395,10,Medium,1671314722
1283335,,45,3568,7864,6972,4,High,352107027.3
1757210,,12,2992,712,1530,2,High,79661443.5
518441,,4,3781,5817,25852,6,Medium,1296010327
304956,,25,1543,9353,11554,9,Low,579144667.1
1790745,,20,3500,5625,63368,1,Medium,3172018223
626333,,48,1302,7197,31592,6,Low,1580949669
514965,,34,3100,5142,94212,7,Low,4713432173
886217,,8,2029,5610,62365,6,Low,3120299811
79970,,40,4892,3168,51529,1,Medium,2580648910
1780776,,15,717,2831,35156,1,Medium,1759041599
1975215,,11,728,9765,27984,9,Medium,1400535858
843185,,20,4302,4533,63716,9,Medium,3189765547
1946963,,11,931,556,72997,6,Medium,3651325497
815490,,27,379,8238,3446,4,High,172931406.5
823501,,11,3829,1565,74586,3,High,3732848108
1704143,,19,3106,8692,86429,9,Medium,4324710560
276720,,37,4138,9657,33355,8,Low,1671392735
807084,,17,1536,6866,59805,10,Low,2991857284
1140035,,32,2982,2307,97814,6,Medium,4893643320
1003969,,5,4885,5682,34066,9,Low,1707818444
607909,,45,2560,7339,25016,5,Low,1253212516
1901954,,28,3752,7581,49109,7,Medium,2459327196
86860,,6,3423,4990,11326,10,High,569253146
1486267,,4,3783,4365,26634,7,High,1335447136
1943629,,12,3264,1371,50191,2,Low,2513009538
605721,,39,2199,3300,13215,4,Low,662844082.4
1798225,,39,1162,9385,19717,5,Medium,987495221.3
931700,,8,2301,5742,79830,9,High,3993797260
1107277,,21,2263,1044,48764,9,Medium,2440516227
859187,,2,3911,6040,32712,4,Low,1639240405
1124349,,34,726,3090,13260,9,Low,664022427.2
1170897,,30,2810,8304,38468,5,Medium,1926222674
1520012,,7,236,5617,50649,1,High,2533197487
83895,,36,3936,6122,45226,4,Medium,2264694588
1552024,,38,2796,9917,43700,7,Low,2187949161
1545146,,46,699,9128,64619,6,High,3232113291
1092593,,30,2582,2209,60663,10,Low,3035736230
977295,,11,3814,4032,23403,7,Medium,1173745353
1339338,,6,1556,6566,28583,10,Low,1430958503
1712917,,50,2652,8755,34814,4,Low,1743581608
1613283,,20,262,470,30192,9,High,1510390924
1039999,,20,2777,3867,71647,3,High,3585086517
1768048,,12,1631,9940,85118,4,Medium,4257931457
684742,,2,1851,7136,43209,2,High,2162281090
709521,,33,3385,474,47707,8,Low,2388480727
1101182,,40,523,4953,93596,7,Medium,4680647146
1268838,,33,2937,1190,63631,8,Low,3184497478
1372189,,33,3843,6189,10701,2,High,538816248.7
672746,,6,4230,860,12033,5,Low,605483831.1
1198572,,16,4923,3767,96179,10,High,4813565388
104335,,8,3016,7369,99452,3,Medium,4975219500
802389,,29,3184,6091,73474,9,Medium,3676705944
1494492,,12,4138,4099,73040,4,High,3656052060
828144,,2,1158,2819,52598,8,Low,2631181438
191724,,27,2919,2695,22266,5,Medium,1115858231
408321,,32,1858,1768,60861,7,Low,3044780472
1868290,,31,2213,4681,27071,6,Low,1356100374
1585098,,44,1024,1064,41137,5,Low,2058283124
1700118,,26,3106,4906,90784,10,Medium,4542450526
1361221,,37,1862,8218,64860,8,Medium,3245084112
643142,,24,369,3776,10864,8,Low,543751069.7
1744185,,6,4083,2097,31656,5,Medium,1586886977
510701,,32,2504,4158,14760,7,Medium,740321380.4
474578,,24,971,6779,13627,2,Low,682361279.8
461874,,48,1414,7044,65990,1,Medium,3300886926
58367,,41,4896,5844,73067,3,High,3657551558
1440923,,23,4825,2668,3989,2,Low,204065003.1
324684,,19,3642,8114,95515,5,High,4778981904
1024028,,10,2442,5713,24114,10,High,1208149592
592478,,37,522,6602,36859,7,High,1843622012
354241,,42,552,289,63437,6,Low,3172448947
1437182,,12,1931,9225,97789,6,High,4891618866
1020667,,2,442,4367,83402,3,Medium,4170844091
1530025,,17,3595,6459,84510,1,Low,4229109446
953813,,31,3449,7383,51065,1,Medium,2556537662
675244,,43,1423,1392,68702,1,High,3436554525
1451093,,42,2311,2027,23588,4,High,1181882340
414126,,6,579,6481,87035,4,Low,4352404017
1195633,,3,1701,6406,77230,10,Medium,3863380697
1717988,,44,2886,7846,84552,6,Low,4230679291
609881,,48,2476,3282,6228,10,High,313732023.4
1935832,,16,2707,4279,50234,7,Low,2514691109
1197271,,11,4878,7594,72565,6,Medium,3632835650
359535,,17,3652,654,68418,3,High,3424133712
1544417,,20,3661,4483,9881,9,High,497716003.5
1258540,,16,1201,2042,38872,6,Low,1945068364
1454127,,16,1279,5072,80655,5,Low,4034360694
807691,,30,1261,6941,77383,3,High,3870525494
1585777,,9,4861,8330,31659,1,High,1587658777
1068359,,28,2458,7975,80624,7,Low,4033686523
1378007,,46,1788,6327,68645,3,Low,3434273440
698704,,20,1788,7157,20833,2,High,1043434639
784346,,50,4918,961,31595,2,High,1584213224
643093,,19,666,6384,74425,1,Medium,3722059423
436281,,3,2192,4577,2827,5,Medium,143377700.9
820533,,28,1599,9783,4939,10,High,248624154.1
157934,,30,1104,3228,95524,6,High,4777205347
1690635,,32,1724,4719,1544,7,Medium,79272759.75
765173,,49,1680,2351,73657,1,High,3684557568
251455,,30,2992,2438,61594,3,Medium,3082340904
295929,,24,1261,6170,10697,8,High,536043730.2
1691808,,28,2041,4524,59214,4,High,2963041653
1165184,,26,1106,3915,14395,2,Medium,721110821.9
741345,,34,1272,5709,88643,10,Medium,4433509023
1513149,,45,449,716,83493,6,Medium,4175568442
1802163,,49,523,2231,94761,2,Medium,4739136765
440394,,35,859,1212,8187,7,Low,410241517.9
1327186,,32,4056,1591,71153,4,Medium,3561569933
352709,,21,965,1239,17034,7,Medium,852649315.7
753263,,13,3593,6730,81536,4,Medium,4080136077
917645,,18,4393,3249,63981,8,High,3203115508
1351303,,10,692,8491,27144,1,High,1358283584
1442261,,19,3821,7679,36726,7,High,1840074119
1636841,,38,529,4121,75047,4,Low,3753387407
654236,,40,1370,6891,54134,8,Low,2708115510
1579357,,16,1760,4267,27731,8,Low,1388611362
1019627,,45,3679,4430,67805,7,High,3393750494
250581,,41,1775,2924,96152,8,Medium,4809208683
933260,,7,2133,4029,87247,3,Medium,4364500604
1188954,,23,362,4336,57266,8,Low,2864037434
1490284,,35,3084,8710,73552,3,High,3680768974
1594342,,33,2575,8772,21081,1,High,1056822660
794524,,46,4646,9164,36232,6,High,1815855613
1660291,,7,3676,9487,26153,1,Medium,1311380259
646056,,48,1941,9444,60403,6,Low,3022055340
1501832,,15,4396,4589,63605,3,High,3184525514
1671368,,46,3125,5719,55600,7,Medium,2783261046
665292,,1,1348,1426,35894,8,Low,1796082337
136730,,12,1831,6721,70949,4,Low,3549072448
1796047,,19,3250,2074,89357,2,High,4471248581
1287734,,24,1748,3526,98806,1,High,4942248202
1458311,,5,2678,4087,23438,1,High,1174697526
1779853,,28,2602,696,9028,4,Low,454239748.6
1438940,,20,1113,1280,90946,3,Low,4548755279
510277,,37,4975,3153,53128,6,Medium,2660819669
940809,,13,949,9911,38107,6,Medium,1906512271
266523,,9,309,3656,92065,8,Low,4603616153
104226,,4,1489,6321,66951,5,High,3348868412
1485307,,9,1421,8799,52395,10,Low,2621500785
1114684,,50,2426,8475,20538,3,Medium,1029379427
1197031,,19,756,3215,67983,1,Medium,3400221878
918774,,12,4113,2255,12023,4,Medium,604974698.4
661183,,33,4654,2553,68786,2,Low,3443497657
1411762,,16,2907,3814,21558,8,High,1080876522
1836996,,47,1416,1034,21633,3,Medium,1083504774
1306047,,17,4018,7994,24769,7,High,1242344441
930038,,18,2800,7580,8254,1,Low,415426623.3
507577,,11,3419,5627,14196,3,Low,712899189.5
986108,,7,4200,8477,70916,2,High,3549737170
1195374,,39,3142,5656,15592,6,Medium,782707900.9
1363744,,19,3083,5496,27682,4,Low,1387213880
1737749,,6,573,8445,88634,3,Medium,4432817095
1820788,,28,3622,766,98491,10,Low,4928271251
722544,,47,3882,3708,52900,6,High,2648567500
1645203,,11,482,1918,4292,2,High,215591636.1
895441,,11,3135,3949,97328,9,High,4869389347
935633,,34,1125,9430,79828,5,Medium,3992711377
510273,,44,2258,3327,60496,5,Medium,3026911493
841744,,21,4898,3406,83772,9,High,4193068945
324878,,34,3457,9456,77659,1,Medium,3886029877
1332555,,41,928,6908,69820,4,High,3492277384
1649224,,32,3893,5973,88087,1,High,4408255051
1193080,,38,1441,9848,1174,8,Medium,60371608
1345228,,7,1748,3075,65033,1,Medium,3253615157
297235,,28,1529,4905,19186,1,Low,960719304.8
670367,,35,4710,2533,96141,1,Low,4811298661
1519344,,30,402,3911,33730,2,High,1687386848
951285,,12,2564,2419,45918,8,Low,2298419837
217722,,8,2185,3335,24555,7,Medium,1229692750
1680643,,39,1322,8174,25162,6,Medium,1259837040
612076,,48,4538,1861,95791,6,Medium,4793631939
556365,,50,4955,7406,64919,5,High,3250380993
1077558,,39,4669,9146,81620,5,Medium,4085373340
965758,,5,1513,6617,38843,10,Low,1943791208
1447645,,43,4046,8888,46221,2,High,2315023156
1018055,,15,2293,4712,12285,7,Low,616568949.3
937464,,22,2922,940,90216,8,Medium,4513616802
610030,,48,4188,3945,4229,6,Low,215238933
1591155,,22,2548,4575,15514,4,Low,778436781.8
732965,,5,2992,6690,8823,9,Medium,443967062.8
1893182,,1,2658,6768,95177,9,High,4761788954
1735729,,1,442,6910,54420,9,Medium,2722000600
255830,,2,876,5805,59341,6,Low,2967898893
515134,,2,2517,335,2302,1,Low,117420824.4
1720542,,43,302,9482,46656,7,Low,2333687755
1047960,,9,225,7030,83235,2,Low,4162326691
1509620,,5,2937,6254,3982,4,High,202141052
699462,,43,906,4710,25776,10,High,1289831847
657932,,25,2571,3072,58304,2,Low,2917626306
197140,,8,4432,6587,51014,4,Low,2554553627
115745,,20,2077,1284,29882,10,High,1495911571
444219,,29,4403,1041,73126,9,Medium,3660204109
1524498,,35,1427,6077,93753,8,Low,4689415917
1072785,,30,1135,2853,41330,2,Low,2067850957
1624051,,39,1227,4319,45106,7,Low,2256926845
1156905,,40,3263,2046,1666,6,High,86488381.75
1521485,,18,4834,8365,70298,7,Low,3519564492
1985781,,49,2328,1764,27263,3,Medium,1365834113
1323081,,44,3128,8721,97330,6,High,4869648961
1857938,,39,3883,395,54517,3,Medium,2729806496
800849,,42,2803,8423,67221,3,High,3363738945
1505738,,26,3373,9654,71715,6,Low,3589171313
1309247,,42,1401,956,11185,9,High,560906516.5
1504379,,2,2603,3354,69227,8,Low,3464097708
386669,,4,1828,5798,9634,6,High,483404109.2
318267,,42,3595,9011,32338,8,Medium,1620094711
228552,,38,4708,2490,42088,6,High,2108492578
569735,,19,3620,650,68756,7,Low,3441080312
1634923,,34,4124,8946,76451,9,Low,3826654068
1878694,,16,2212,2310,83088,10,High,4156945438
556589,,33,2483,8255,19312,5,Medium,967929953.7
1509755,,9,4678,935,81553,3,Low,4082158132
1655046,,17,765,7235,23224,2,Low,1162449644
1956237,,40,1820,8818,77592,5,High,3881858528
1288539,,23,2966,2294,58251,1,Low,2915530584
1366190,,15,3091,3709,83291,6,Medium,4167666589
1386739,,25,4052,7729,9919,1,High,499901881.2
1414042,,9,1674,741,21343,7,Medium,1069070747
1352409,,3,4701,6411,53094,7,Low,2659185581
1538218,,44,2653,2315,30739,5,High,1539754494
887689,,43,3883,6076,46167,8,Low,2311981591
722694,,21,2412,6677,64566,4,High,3230622355
517452,,26,4751,8519,75090,1,High,3758743876
968295,,16,642,7178,51538,4,High,2577804468
113955,,13,369,4512,99495,1,Medium,4975116374
611479,,36,1593,2942,35585,5,Medium,1780829743
1916500,,14,461,9607,57993,2,Low,2900738323
1462240,,18,3627,3657,27656,6,High,1386406037
439434,,12,4439,6869,21178,8,Low,1062845564
1902679,,2,877,8790,12866,2,Medium,644733602.7
1476815,,5,2400,9228,25361,6,High,1270630555
1381399,,30,3825,2536,52288,6,High,2618144680
529076,,42,3466,712,36311,5,Medium,1818688097
748648,,15,2821,4128,63040,3,Low,3154671997
1531222,,37,4854,953,71319,1,Medium,3570618650
523056,,40,2809,1802,33970,8,Low,1701080025
497784,,41,3018,6798,64289,1,High,3217211439
487759,,13,2932,5663,18378,5,High,921578633.2
740026,,7,2443,3830,76024,5,High,3803545974
1504210,,42,494,8137,49962,1,High,2499071756
937894,,15,3795,3582,41466,2,Low,2076864768
1695325,,37,4184,4059,41552,6,Medium,2081764351
890979,,50,2887,6784,7382,10,High,371888752.7
536577,,15,4582,3949,55140,2,Low,2761094174
1190500,,31,1342,2205,12487,8,Low,625916607.5
1473217,,41,3514,9692,27836,1,High,1395331676
672429,,20,4093,1804,44474,9,Medium,2227421310
1062293,,18,4314,2593,15578,7,High,782947345.1
1237236,,20,3596,2447,84399,1,High,4223448150
1015442,,22,3810,1184,56120,6,Medium,2809599505
1732583,,9,545,8607,80815,3,Low,4041842252
113320,,46,3513,5341,82907,9,Medium,4148394585
1648558,,26,3044,8839,48346,9,Medium,2420489613
395971,,14,1217,1178,25072,4,High,1254777665
1292376,,12,2322,7208,89562,5,High,4480545492
1337645,,42,881,5965,97782,4,Low,4890336978
866070,,12,2652,3744,34471,2,Low,1726118125
1491718,,14,4409,2224,46152,6,High,2311876991
991714,,37,3741,9128,82605,4,Low,4133804210
564892,,18,3074,5730,93353,8,Medium,4670477097
1747233,,43,4313,7984,51739,3,High,2591252702
459784,,8,2988,8777,52418,5,Medium,2623623627
1243174,,26,898,8357,97202,6,Medium,4861322423
1356491,,50,3692,5164,57288,6,Medium,2868031882
534070,,36,1919,3714,8994,2,High,451531679.5
1775381,,28,935,4316,83821,8,Medium,4192480283
56813,,48,1683,3709,16348,9,Low,818865467.1
748654,,8,2207,5710,5825,9,High,293403213.9
960676,,18,3909,4942,68230,9,Low,3415173402
1366550,,14,2563,8826,19715,8,Medium,988430587.5
1092323,,22,4967,1759,34173,6,Medium,1713261301
1649368,,38,3316,2980,65466,2,Low,3276707889
907719,,43,4341,9139,73725,7,Medium,3690285559
1762621,,1,3091,8909,96681,10,High,4837316660
1489243,,15,3538,6946,86149,7,High,4310997700
1618435,,36,505,1628,63913,6,High,3196654092
1981942,,39,654,6903,13372,10,High,669871517.2
1225390,,33,1582,3790,27894,6,Low,1396487022
1750533,,7,1269,7375,72438,8,Medium,3623610614
1285089,,16,1186,2408,71504,1,Low,3576665821
845288,,22,3252,8655,55075,9,Low,2756834328
1562633,,32,4100,3526,85668,8,Medium,4287444577
546113,,20,1763,6257,26179,9,Medium,1310657732
665492,,8,416,8998,7263,2,Low,363759977.2
1281416,,18,3075,5814,26972,8,Low,1351678941
169627,,49,370,8756,66234,6,Low,3312101639
392826,,19,876,1300,79760,10,Medium,3988887619
1985212,,47,816,4673,23732,3,High,1188005747
1993236,,39,4224,1638,96265,1,High,4817546808
1900985,,48,1577,9813,7192,8,Medium,361636087.3
885981,,49,4356,8618,54994,10,Medium,2753740118
1683874,,3,1415,4782,76493,5,High,3826454421
1103703,,13,2643,4353,39994,2,Low,2002345289
982174,,21,2692,4797,47301,4,Low,2367696473
1637736,,4,3285,477,52232,9,High,2614967130
590881,,8,267,7049,93685,7,Low,4684702341
492342,,24,4353,4269,11003,1,High,554035922.2
1810665,,18,807,6336,4743,3,High,238487682.8
1919726,,49,3368,6588,77691,9,Low,3888107054
990574,,32,3698,9613,98388,4,Low,4922917873
328775,,22,4072,9799,52392,2,High,2623203409
1036798,,27,4550,6088,63573,7,Medium,3182898839
1100074,,16,738,6552,5871,8,Medium,294580625.9
1335757,,9,238,4050,56462,10,Low,2823781020
1479280,,40,378,8033,18844,8,High,943063930.5
673061,,33,2596,2868,81369,2,High,4070903301
1515343,,46,936,1045,66133,8,Medium,3307984103
1862828,,5,2226,3605,54083,8,High,2706703702
88084,,31,3317,9500,39864,5,Medium,1996077749
853199,,47,4095,5543,33187,10,Medium,1663148867
1892298,,45,2334,5042,26045,8,Medium,1304914209
587138,,6,1989,9723,92953,4,Medium,4649571176
1208789,,37,3522,4749,21808,8,Medium,1093833089
105256,,6,4490,2008,11696,8,Medium,588659079.6
307162,,44,3957,2243,90735,1,High,4540231844
254253,,16,4569,8615,23656,7,Medium,1186796096
1764977,,5,1774,3272,21591,3,Low,1081684422
1999942,,48,1563,8151,60548,9,High,3029454667
983742,,19,3918,657,74937,1,Low,3750528532
424549,,4,2360,7661,66698,7,Medium,3337074225
410412,,11,2538,7993,14203,8,Medium,712472246.7
1528455,,37,3143,1777,19911,9,Medium,998765391.8
1846014,,11,633,3803,58874,5,Medium,2944894982
868262,,19,1524,3791,84959,5,Low,4249561049
1894424,,7,4828,219,46117,1,Low,2310618236
348087,,44,2978,2569,76930,2,Low,3849164833
1421165,,35,3026,186,80927,1,Low,4049424173
877972,,39,3465,4850,53266,5,High,2666569345
741903,,23,4659,725,25172,6,Low,1262824389
1639430,,25,4525,9042,75329,7,High,3770895656
201612,,35,4882,7849,29842,8,High,1496344087
220267,,2,2330,5656,38855,9,High,1944821973
1530723,,48,317,4007,86330,2,High,4317320981
901707,,45,4649,2801,61187,2,Medium,3063629650
1789333,,39,2166,9007,76653,4,Medium,3835144564
974979,,10,2137,4145,61862,9,Medium,3095269255
138996,,11,4817,949,14849,9,Low,746596791.1
1525427,,44,1411,3625,12837,9,Medium,643597592
970267,,9,3890,6942,91505,4,Medium,4578914528
528020,,16,1378,586,45720,6,Low,2287359492
1156258,,20,1326,2689,56821,6,High,2842590913
835576,,34,4912,9927,76644,3,Low,3836696549
1631311,,33,4141,4438,26508,9,Low,1329505864
504376,,43,293,3166,32574,2,Low,1629138657
529337,,5,438,1308,41572,7,High,2079161438
95086,,37,3983,9458,51920,3,High,2599446915
1847552,,12,836,4411,86973,2,High,4350019711
538902,,45,324,6898,11626,1,High,581786660.7
474336,,48,4861,7339,12293,6,High,618971975.1
195393,,46,939,7732,61724,9,Low,3087091388
177063,,13,4305,3336,1954,5,Medium,101431122.1
1532450,,21,766,3968,87192,3,High,4360799898
1226881,,27,4379,4212,31811,9,Low,1594715328
897668,,39,1493,5917,41664,9,High,2084802706
1445508,,11,1329,5965,41306,7,Medium,2066951810
319101,,24,2370,9215,28936,2,Low,1448952103
1475691,,21,1158,3735,13247,5,Medium,663862649.4
1041045,,14,1681,2403,52722,5,Low,2637900903
349898,,8,1657,214,10207,4,Medium,511882409.3
869131,,46,307,7006,62636,9,High,3132388181
305948,,36,974,8844,47847,10,High,2393311412
1189824,,13,3642,7788,16649,9,Medium,835983168.4
749311,,40,2653,9579,41828,2,Medium,2093946056
107858,,6,2980,739,62353,1,Low,3120223318
624581,,25,4508,4443,84041,9,Medium,4206114511
219929,,30,1426,5916,60993,8,Medium,3050957465
1717894,,36,2733,603,9757,2,High,490780140.4
769272,,5,1393,1603,73479,6,High,3675407903
1309743,,27,1840,4724,81747,8,Medium,4089387460
705594,,45,2916,3773,5796,1,Low,292540390.4
1248875,,30,2954,6652,96322,9,High,4819068236
92888,,47,3160,2019,51622,10,Low,2583829198
1026761,,31,972,4836,15676,8,Low,785001376.4
314261,,21,3886,4569,52975,5,High,2652177034
548097,,10,1281,2149,92262,7,High,4614387256
954254,,22,548,2527,78640,9,High,3932808746
190926,,18,2786,8882,48009,7,High,2402909289
1303997,,21,478,8917,90060,6,Medium,4503887511
1322651,,16,4856,9141,12169,5,High,613065300.4
430594,,34,1054,976,31329,6,High,1567503128
1885645,,25,1434,2319,27905,4,High,1397137673
230065,,49,357,7649,67813,2,High,3391058975
324384,,39,2141,4648,6379,2,High,320899684.4
934286,,47,898,8691,2062,7,Low,104217667.6
574978,,16,960,9363,50435,5,Medium,2522792570
260242,,48,4655,7269,97690,5,Low,4888571767
1696790,,20,4409,7905,15319,3,Low,770313689
1326287,,19,3883,2760,42464,2,High,2126973930
486267,,9,2383,7601,59230,2,Medium,2963715826
1104873,,22,4047,1055,96090,1,Low,4808331933
539282,,8,1777,2070,89315,3,High,4467455334
665983,,36,4633,3054,28716,4,Low,1439983099
1490822,,2,3953,4221,56178,2,Low,2812792630
63834,,40,3083,6558,9875,5,High,496414086.9
1857777,,46,424,828,81944,4,Low,4098218212
354842,,8,1230,3063,91282,2,Low,4565278312
68691,,12,3258,8044,40991,4,Low,2052364892
656173,,1,2131,7483,97210,4,Low,4862559838
1058517,,44,4817,3804,62048,6,Medium,3106879721
874963,,4,2130,7941,16001,1,High,802187069.6
1520386,,34,4614,9076,45648,3,Medium,2286880805
1701499,,6,3418,1379,3454,5,Low,176204992.2
1956905,,18,3356,1402,16058,5,Medium,806443181.8
365426,,37,2333,1881,27023,8,Medium,1353270092
169789,,27,2628,3010,45131,9,Low,2258853991
1690810,,30,2427,4024,81847,7,Low,4095018394
1545564,,15,1092,1570,59908,4,Low,2996874872
1065961,,31,3302,1604,49799,2,Medium,2493137516
284877,,9,863,3276,43357,1,Medium,2168692527
105494,,2,1077,8260,41952,7,Medium,2098573263
1562823,,29,4946,8472,17650,7,High,887275748.1
1545332,,46,537,9648,84619,6,Low,4231976956
757795,,41,4783,6831,14479,8,Medium,728302775.8
1959638,,9,4125,3082,74873,9,High,3747850908
1211609,,20,2406,1337,64207,7,Low,3212824906
1523786,,1,3497,4042,91585,3,High,4582766000
952946,,43,3334,4068,86520,8,Medium,4329182761
1635777,,37,957,6384,37341,2,High,1868456372
325735,,31,4575,9049,68319,8,Medium,3419979100
1335600,,49,2470,5692,6366,4,Low,320887070
1729314,,45,2423,9303,53049,10,Medium,2655143467
1172729,,44,3675,5387,18776,10,Medium,942352952.7
805094,,33,2580,1083,46214,5,Low,2313181450
217114,,6,1849,3496,3978,9,Medium,200557099.9
1448341,,34,2714,3599,26567,8,High,1331176897
735897,,23,816,6392,64580,6,Low,3229969904
486001,,49,2325,5625,9932,3,Medium,498766292.9
771298,,39,841,9837,10250,5,High,513514076.8
1197303,,17,3545,7226,10541,5,High,530502411.1
186757,,2,4533,9455,61760,4,High,3091942292
697700,,26,2033,5372,49288,1,Low,2466388795
316492,,47,4065,7824,77386,3,Low,3872891222
1256492,,6,2202,210,31367,5,Low,1570662717
568373,,12,2016,9509,17239,4,High,863887743.1
527603,,29,1155,3856,9869,7,Low,494629531.1
744972,,45,983,9685,25421,6,Medium,1272175903
1557445,,43,3658,9000,17694,8,High,888382065.8
1196985,,15,1771,9689,65551,7,Medium,3279500317
1985094,,29,524,8118,86361,2,High,4319213958
1568606,,34,4575,3905,32558,6,Low,1632351605
1219993,,9,530,3113,91244,10,High,4563086360
1541115,,18,969,5506,33901,6,Low,1696428965
1447583,,46,4386,4215,22514,1,High,1129950812
1345974,,1,1618,4426,30381,7,Medium,1520907576
431957,,9,1384,7612,38323,5,Medium,1917497695
1499964,,6,1887,365,26844,9,Medium,1344330570
1481069,,43,1421,9200,75562,6,Low,3779854384
242473,,41,938,6295,98335,3,Low,4917652823
89073,,27,1179,3712,6980,6,Low,350045845.6
1746843,,17,2889,8066,62891,8,Low,3147639250
695537,,20,2321,6528,58071,5,Low,2905785008
1364086,,8,335,6373,81547,1,Medium,4078129073
1665892,,26,4495,4436,10419,5,Medium,525368022.2
907299,,16,2861,7558,43975,6,Low,2201520220
1784959,,32,4362,3719,10684,4,Medium,538545573.2
448606,,44,2391,484,99519,5,Low,4978145852
389089,,21,3777,2534,96211,4,Medium,4813905486
1834161,,30,1352,5548,11035,4,Low,553558626.4
525840,,14,3879,3917,1878,1,High,97392666.5
907023,,9,3833,1786,25462,10,Low,1276681053
1394330,,3,4120,3835,45765,7,High,2292249963
709141,,47,3986,1970,59719,3,Low,2989596864
925617,,27,1365,6239,20710,9,Medium,1037003053
191661,,29,1910,7211,64588,6,Low,3231112089
428656,,36,4708,4435,25069,9,High,1257617237
808482,,22,3184,2046,18496,2,Low,927797123.7
406468,,36,3545,7972,88835,2,Low,4444929764
901154,,11,1505,1565,35235,9,High,1763349886
1199813,,19,4194,8717,24767,1,Low,1242358907
382299,,33,2098,6455,62435,8,Medium,3123687202
1905925,,25,1674,4682,54791,9,Low,2741654679
1666426,,18,1346,8165,45634,2,Medium,2283449922
56241,,12,2882,6188,17818,5,High,893386294.4
832242,,16,1509,7918,45170,7,High,2260095650
1369380,,40,571,866,90280,6,High,4514971598
1455872,,41,3381,517,62059,8,Low,3106339618
919806,,38,3401,5319,58133,1,High,2909880640
812531,,30,2246,5212,87432,2,Medium,4373810116
612487,,47,1991,6201,41646,8,Low,2084227863
1068949,,10,4962,1379,79870,6,High,3998096480
1555052,,14,343,1170,17648,4,High,883240423.2
488294,,35,3783,1687,66382,10,Medium,3322494870
728553,,28,1341,6393,67745,4,Medium,3388664186
1842077,,8,1454,1454,6385,6,Medium,321135222
1868386,,1,1350,335,85439,5,High,4273752393
1719724,,39,4393,1987,81285,9,Medium,4068595601
1261338,,27,3958,8682,26117,4,Low,1309680713
346190,,36,623,7404,11209,4,Medium,561123546.5
96223,,36,2093,4494,28505,5,Low,1427078283
745266,,22,4019,9413,65699,9,Low,3288653166
682746,,45,4130,5215,14021,10,Medium,704817898.6
644928,,5,1277,8840,16565,10,Medium,829583874.8
1941702,,42,2276,4247,96270,4,Low,4816129853
1750260,,9,2522,2806,53940,1,Medium,2699764386
1952461,,25,3820,4534,78257,2,Medium,3916794696
1861972,,25,4121,1749,64157,2,High,3212011913
1191522,,36,4446,6088,34697,7,Medium,1739065673
238011,,18,3618,6395,77425,4,High,3874426751
1571988,,20,4267,7408,15872,3,Low,797798065.8
460132,,18,2133,8274,46217,7,Medium,2312846941
864622,,39,3208,5264,14333,3,Medium,719697257.7
1359487,,11,2601,7172,42907,4,Medium,2148055920
397737,,35,4428,9099,14894,1,Medium,748629955.5
66328,,39,460,8994,78240,8,Low,3912441380
403674,,40,4702,3193,18493,4,Low,928800768.4
1455827,,40,1002,5909,74040,10,Medium,3703380812
1384005,,21,810,7629,11926,10,Medium,597494494.3
1380851,,35,2341,203,38462,6,Low,1925577855
1044748,,13,2336,3039,34920,2,High,1748360419
1966332,,14,844,7046,77990,3,Medium,3900924911
1158396,,41,1384,4208,72885,4,High,3645847279
1008501,,48,749,2147,1357,8,High,68850752.85
1532437,,42,2316,6435,72769,1,Medium,3640976080
287916,,47,2955,4833,81409,7,Low,4073080243
1182450,,3,2979,4454,23029,8,Medium,1154407503
988076,,16,4995,6324,88556,8,Medium,4432409307
165790,,5,603,9077,55584,4,Low,2779793869
342127,,37,1426,4177,98918,5,Low,4947246727
1016563,,13,4735,6356,43153,10,Low,2162047997
146014,,20,3611,1047,13816,3,High,693925472.4
1292000,,15,3428,6588,49075,8,Low,2457134270
1927141,,9,3912,348,80850,4,High,4046501649
84745,,29,3602,3751,28312,7,High,1418704218
302569,,8,3365,9662,40411,2,Medium,2023541264
1569107,,44,1043,3309,24126,4,High,1207749290
1828000,,45,433,2211,97964,10,Low,4899218778
702832,,3,2289,6885,97718,7,Medium,4888109214
1313507,,40,1633,8831,55482,3,Medium,2775974655
1247427,,26,2167,1617,87430,3,Medium,4373785712
1954654,,44,3587,5538,94530,8,Low,4730252204
811826,,36,3875,8575,49826,7,Low,2494903647
894372,,48,4989,199,50470,1,Medium,2528059938
1031897,,11,1797,8293,36901,7,High,1846960666
317326,,4,1547,6092,57926,10,Low,2897741724
324130,,49,4949,6275,27451,9,Low,1376891663
1338925,,41,3252,1803,51046,1,Low,2555542251
1244900,,33,2376,8637,65508,10,High,3277880868
778948,,4,1394,9619,74560,5,Low,3729482059
858345,,19,278,4456,83047,2,Medium,4152900141
350430,,38,1037,2393,33206,3,Medium,1661314643
626586,,43,937,6052,97766,9,High,4889336045
1228709,,8,1755,1368,61517,1,Medium,3077776178
1022173,,17,3848,9287,38835,1,High,1945403818
1898639,,47,4094,1802,12556,9,Low,631954568.7
802242,,42,594,867,17908,6,Medium,896192892.2
90030,,32,3049,6725,2686,2,High,136943813
1605561,,18,2361,9371,76065,1,Medium,3805844384
1203728,,18,1538,711,36727,9,Low,1838082542
1864353,,19,4145,1751,31285,6,High,1568432431
448660,,46,1772,4912,95803,8,Medium,4791831031
365886,,23,861,1551,88088,1,Low,4405266548
735457,,14,1642,7602,88926,1,High,4447973795
1340710,,44,535,8916,54198,1,Medium,2710851569
1172451,,33,1834,1733,94198,3,High,4711877550
1536601,,5,3323,1776,4591,1,Low,232917400.4
812754,,19,1501,7984,41154,4,High,2059282554
474563,,50,3553,627,2684,10,High,137393714.6
1771281,,13,3069,2051,66641,4,Medium,3335285286
272514,,2,3839,7820,92971,3,High,4651928320
1179569,,27,3036,4493,71572,5,Medium,3581607922
459220,,2,2055,6443,2814,7,High,142623824.5
95351,,5,4457,5017,15542,5,High,780934965.4
1725098,,42,2218,6558,78076,4,High,3906310519
1662256,,27,4599,5585,46736,9,Medium,2341308142
1105919,,46,4778,8239,39221,8,High,1965524489
177065,,5,3730,2482,47828,3,Low,2394639278
1505327,,32,4261,4382,9775,1,Low,492913509.5
1804461,,9,1543,8045,51350,9,Low,2569464304
1765463,,8,3941,3546,59260,4,High,2966977587
726765,,37,3035,4082,64220,5,High,3213848763
1249334,,3,4270,1444,92825,3,Low,4645320737
956019,,38,2117,9031,47692,4,Low,2386761194
1910507,,11,3537,4019,71683,3,High,3587836495
875412,,15,2929,2167,14648,2,Low,735203261.7
1377837,,25,3518,9464,29414,2,Medium,1474199203
680708,,28,1710,6207,66077,7,High,3305560625
829016,,50,292,4998,77717,3,Low,3886406851
616405,,44,4765,2438,18757,7,Low,942127366.8
418153,,38,1681,2688,7494,9,Low,376286483.6
1421941,,14,2724,7622,19555,9,Low,980583814.4
1817471,,17,2985,8175,83770,8,High,4191695842
1406591,,23,3585,3140,98988,3,Medium,4952950167
680573,,13,4463,7146,23132,3,Low,1160651176
1174173,,18,4157,5740,62291,2,Medium,3118510921
1160901,,32,2267,9507,32442,5,Medium,1624460873
743911,,1,3277,3791,47749,5,High,2390505416
327049,,36,3521,8323,9963,6,Low,501282444.7
346868,,4,3557,3033,55739,3,Medium,2790102916
1659174,,4,4337,3814,13541,4,Low,681327175.9
1798452,,36,4507,358,36700,5,Medium,1839465623
882302,,13,2719,3849,11534,6,Low,579331138.2
1481619,,19,863,3683,41844,1,High,2093463604
1660286,,12,3452,6926,29403,2,High,1473684055
151895,,41,1640,1346,39349,4,Low,1968905448
149767,,46,2192,9899,95277,10,High,4765795886
198702,,49,1922,8444,11350,4,High,569230235.7
1926277,,3,4494,2461,48967,10,High,2452850609
406393,,34,3651,6934,77891,1,High,3897817003
1998682,,47,3729,3599,85632,5,High,4285483826
922259,,10,855,9247,76939,4,Low,3848023858
1947509,,24,3896,4225,77001,7,Medium,3854056671
936024,,23,3247,4914,62797,9,Medium,3142952603
652279,,43,1690,7038,69626,3,Medium,3482987553
408920,,14,559,4392,86075,4,Medium,4304380932
985128,,6,3971,5926,52709,5,Low,2639185680
1750638,,32,3298,3127,33619,8,High,1684377681
1677153,,23,2844,4771,37374,10,Medium,1871719091
1854087,,47,938,2513,48405,8,Medium,2421708153
313027,,7,2710,5136,78636,10,Low,3934226739
272914,,37,3891,4059,78315,10,Medium,3919167457
924022,,2,1796,9730,14364,9,High,720074572.7
1637462,,2,1547,9916,43542,5,Medium,2179013092
683166,,16,417,2538,32371,8,High,1619151823
158258,,19,1322,7619,69982,4,Low,3500300418
650528,,30,1831,5085,50977,2,Medium,2550650347
795166,,21,4095,4491,83320,9,High,4169772806
130727,,8,4804,4620,84604,7,High,4234341664
1258095,,30,3423,8981,28330,3,Low,1419875936
1043302,,43,4040,2353,19131,9,Medium,960360198.2
740763,,13,4287,1353,94407,2,Low,4724258160
422699,,8,2824,3977,11117,10,Medium,558409247.2
891097,,1,1497,8783,4058,7,Low,204506411.5
622235,,38,204,9214,82663,2,Low,4133568777
1406416,,5,3705,372,15600,10,Low,783643025.6
306900,,28,1381,3312,88693,6,Low,4435942905
963686,,27,4106,5949,11056,10,Medium,556645502.6
1643882,,41,2776,5545,37591,7,High,1882503741
1294442,,42,4634,9099,99870,9,Medium,4997919742
1128088,,18,2569,6654,97745,10,Low,4889847276
486215,,5,1349,8311,35863,8,High,1794488203
89857,,4,3729,5530,93902,7,Low,4698315405
1816243,,42,3615,204,58983,6,Low,2952863985
166691,,25,4024,2089,1121,4,Low,59536964.35
1746719,,25,1485,3516,91152,10,Medium,4559485392
192321,,27,1258,6657,44180,8,Low,2210156495
278001,,46,595,9198,98710,1,Low,4936131565
645792,,13,3583,2610,58951,5,High,2950829662
1208452,,42,3136,6660,38136,3,Medium,1909910248
1283487,,23,1360,2267,14950,5,Medium,749113648
591322,,28,3468,4479,89900,1,Medium,4498169320
558945,,30,2461,9734,33919,2,Low,1698265416
382736,,27,4037,7733,39149,1,High,1961037980
828875,,19,2645,6810,1549,6,Low,80007661.25
1637976,,18,3151,254,24179,3,Medium,1212204437
712798,,34,1615,7148,74115,6,Low,3707394179
1337456,,45,2702,3516,25632,10,High,1284379000
1692814,,22,3346,3395,67036,9,Low,3355247712
227905,,4,3246,2816,90807,7,High,4543196387
878513,,6,2135,4653,65325,10,Low,3268384582
1315878,,24,2543,9233,18918,4,Medium,948548069.8
1206192,,38,3388,3842,70551,3,High,3530866132
308398,,24,1389,4967,4993,10,High,250953886.8
1578324,,24,2534,6937,14855,2,High,745476535.9
732810,,48,4147,524,89176,7,Low,4462588504
781854,,49,1688,287,77537,10,Medium,3878565046
388183,,7,1029,4373,80452,5,Medium,4023622287
1071782,,2,3127,6208,3423,6,Medium,174198833.7
799714,,25,671,6432,42320,2,Medium,2116869330
113905,,20,3273,8223,43382,7,Medium,2171944874
1922557,,50,1726,4041,75831,9,Low,3793706097
805229,,21,4203,5765,37464,8,Medium,1877071313
1637849,,6,1239,1316,51037,8,High,2553480407
113598,,19,2263,3813,83433,5,Low,4173625122
239081,,8,3287,3838,45383,7,Medium,2272038183
442379,,19,225,2043,7394,3,Medium,370053470.2
863034,,18,3507,8743,49518,9,High,2479207029
1325634,,14,4498,4922,70612,5,Low,3534901257
1031975,,43,4969,814,88328,8,High,4420992036
1146303,,1,1467,3879,39016,6,Medium,1952457974
410786,,21,4194,8282,64757,3,High,3241581900
1508906,,32,944,8482,57764,10,Medium,2889555562
1703072,,38,4751,3077,67840,8,Medium,3396646678
1256947,,4,1698,7400,98171,7,High,4910452211
1731519,,21,2934,770,94323,2,High,4719254377
1913085,,32,1446,6503,52775,2,High,2640668777
1999996,,4,4070,746,97171,9,Medium,4862711844
1059468,,16,2134,8966,51815,4,High,2592959049
508500,,34,2204,695,16332,10,Low,818657192.5
1629894,,18,3076,8032,59061,6,High,2956257303
405178,,38,4731,1986,48615,2,Low,2434922687
1792609,,14,2217,5961,49862,10,Low,2495628446
1275156,,45,4819,789,85509,10,Medium,4279999827
793182,,27,2751,588,21632,5,Low,1084220674
1155540,,45,3436,3200,58717,4,Low,2939188439
903380,,40,1330,822,19583,9,Low,980603538
1470713,,43,1470,8248,92125,7,Medium,4608040030
829400,,9,3404,4154,85956,2,Medium,4300995155
496212,,15,865,6356,76437,7,High,3822776614
368720,,5,2353,9206,29018,1,Low,1453052717
1565746,,46,3335,3821,12931,6,High,649947833.6
1517796,,33,474,5480,44012,1,Low,2201551789
1621763,,45,3957,8839,11108,6,High,559358564.6
857956,,39,4577,5249,3595,7,High,183958537.1
665468,,40,382,1213,11967,5,High,598915446.3
1547868,,6,655,6821,6792,7,Low,340716276.3
1589108,,48,2609,9888,79540,3,Medium,3979804318
1040997,,40,875,3003,80979,10,High,4050070406
427370,,13,1305,1326,88056,1,Medium,4404063705
1776390,,7,3970,9346,77512,3,Low,3879620442
548527,,22,970,3216,18467,3,High,924377164.5
1540561,,17,1844,8026,82947,10,Low,4149478701
392125,,20,4752,5996,70560,9,Low,3532193834
1574998,,47,4542,3156,3684,2,Medium,188625479.3
1529264,,12,1818,3552,17585,1,Low,881340862.4
593267,,13,1492,7658,67828,3,Medium,3392896548
1045536,,29,4962,7471,3627,2,Medium,185955795.1
1340249,,18,4695,148,66446,7,Low,3326762367
715433,,33,3983,4069,98254,5,Low,4916350084
229327,,2,1843,5199,88261,5,Low,4414710052
948873,,20,1862,2191,14907,2,Low,747272683.1
1220727,,32,743,1042,91928,3,High,4597465249
529885,,23,3390,9325,5932,4,High,299693032.3
1745577,,13,3466,9101,63800,1,Medium,3193581364
1718337,,13,1570,2895,95636,7,High,4783744715
1092625,,27,3355,2870,13453,5,Low,675894583.8
521818,,40,352,829,67694,10,Low,3385188709
144595,,15,3365,5621,3200,10,Medium,162926710.8
1577622,,37,603,5814,36135,4,Low,1807833693
930764,,50,2530,2299,14004,7,Medium,702688014.9
1873848,,40,3943,8967,2200,8,High,114034614.3
1573067,,43,4458,1613,35743,1,Medium,1791499066
243821,,22,2376,7579,35696,4,Low,1786926525
1277821,,10,2037,3868,19465,2,Low,975439557.4
633486,,2,1533,8252,7716,6,High,387345640.1
686439,,4,3527,9009,94897,2,Medium,4748111206
736442,,38,420,2254,98890,6,Low,4945124950
1792281,,16,1244,6316,91073,8,High,4555352408
661366,,9,4746,4085,82552,8,Medium,4131876871
178297,,50,1910,434,30502,2,Low,1526792989
1732314,,28,1497,4976,75368,3,Medium,3770294560
1828834,,9,1508,3209,31915,1,Medium,1597680994
994259,,28,578,9091,60602,2,High,3030965378
657317,,6,597,3143,73732,1,High,3687346088
1051114,,3,3108,8210,94404,4,Medium,4723230575
103109,,6,637,5876,63161,3,Medium,3158642948
1917561,,14,2773,3004,54982,4,Medium,2752137386
953583,,46,3567,4965,83009,10,High,4153833637
74530,,33,391,5925,27050,8,Low,1352877208
1239836,,40,1403,4985,82113,7,Low,4107293755
1526191,,7,4018,9598,55112,9,Low,2759574302
678824,,13,2897,4704,5355,2,Medium,270463358.4
1466702,,10,1308,673,93234,3,High,4663328028
1973601,,45,2395,2902,46224,3,Low,2313939165
56224,,2,1823,3176,74648,5,Low,3733977408
1689768,,37,2925,1590,27677,2,Low,1386936084
763900,,27,4221,6316,30062,7,Low,1506974245
1309266,,11,3251,1871,71063,5,Low,3556377591
716086,,50,4656,4722,15171,5,Low,762776035.1
1840347,,24,4341,7979,66511,7,High,3329906799
1965223,,27,4076,6994,31775,5,Medium,1592923153
1535131,,17,2675,2524,17766,5,Low,891119395.9
1769989,,7,4086,6233,45899,2,Low,2299059019
755497,,49,3428,9065,76053,9,High,3805856766
934881,,10,1724,2972,12586,3,Low,631101238.4
1191109,,33,4239,6694,52787,7,Low,2643390733
886728,,48,1211,7251,22953,7,High,1149013592
1416450,,19,1324,1975,55998,5,High,2801528375
853972,,44,4449,466,48113,6,Low,2409736985
372351,,9,4853,1790,80080,6,Low,4008260928
1372871,,5,554,3722,31735,9,Low,1587711310
1918548,,32,2312,3890,96677,8,Medium,4836500257
1523668,,1,1700,6895,52001,9,High,2602045641
307469,,24,3944,9077,75155,4,Low,3761235587
1475083,,8,3495,2761,57941,4,High,2900544892
693540,,24,3491,9894,14639,6,Medium,735187704
1953960,,27,3398,2157,96696,5,Medium,4838380819
406826,,33,3027,122,22506,2,High,1128019604
569295,,36,581,2046,38466,6,Low,1924002538
1282707,,44,3110,5965,40933,9,High,2049762640
559497,,50,2723,8930,72746,2,High,3639838699
1118201,,32,3079,7838,83693,10,Low,4187681955
1317185,,37,561,5331,35412,3,Medium,1771555632
1357207,,8,2702,1453,85647,5,Medium,4285126315
1765490,,42,303,8809,19073,10,High,954552534
1608520,,6,2058,738,89543,2,Low,4479464847
442860,,10,731,1247,50147,1,Low,2508130669
511040,,7,3866,1300,59969,3,Low,3001919054
699542,,10,2661,5523,95612,4,High,4783121697
1464955,,16,823,4522,6225,1,Low,312475509.3
678294,,37,2822,6911,15510,5,High,778157820.4
237416,,32,817,4905,19198,2,High,960693648.1
1025552,,47,3132,3364,65609,2,Low,3283485193
634815,,47,2023,942,24600,4,High,1231949730
403773,,41,3772,2402,97872,4,High,4896958446
1395111,,22,4578,7769,99580,9,High,4983401651
802403,,46,1331,4435,95421,5,Medium,4772478799
1661378,,40,438,5742,17977,3,High,899822937.3
548159,,15,935,8200,42715,2,High,2136758906
414583,,14,2834,782,59233,3,High,2964207639
491639,,3,1709,4642,11823,2,Low,592786688.7
157192,,41,4227,9009,44098,5,High,2208575410
1565782,,23,4181,1649,22344,3,Medium,1121308756
1971221,,38,419,296,11906,9,Medium,596351377.4
702797,,25,3614,4696,24359,3,Medium,1221282619
815576,,39,1472,5615,68059,10,High,3404505369
501537,,43,4418,4619,59338,2,High,2970847545
544990,,19,388,7800,20101,4,Low,1005592327
333914,,26,2689,6595,23213,9,Low,1163072127
1130835,,13,2052,9659,2037,8,High,104015699.8
67471,,27,3870,3831,64220,3,High,3214325932
992012,,20,3455,3204,50460,4,High,2526294364
742000,,47,2663,4722,80996,2,High,4052340695
505595,,15,718,768,2035,3,Low,102540978.3
1004480,,20,4033,5062,75058,3,High,3756694673
1763957,,33,768,6162,15401,1,Low,771339550
1877121,,32,2551,955,17050,8,Medium,855331569.9
1408851,,19,1454,7305,94568,8,High,4730149540
1530742,,18,1973,2122,17305,1,High,867470274.7
1279220,,36,3517,6996,95103,7,Low,4758608987
267261,,50,4274,5935,61962,4,High,3101847279
387237,,12,4284,6964,53394,10,Medium,2673495783
1568298,,33,3394,1044,15380,2,High,772440374.3
1731213,,38,2322,9187,59843,7,High,2994757152
1403087,,35,1042,5340,64690,7,Low,3235894330
1955548,,44,3537,6871,55168,9,Low,2762113349
433381,,29,4716,1582,9555,5,High,481917718.4
1379216,,44,2254,2518,83883,8,High,4196560201
1461148,,2,737,5676,39250,3,Medium,1963652282
832429,,34,441,9156,25002,9,Medium,1250793170
931357,,5,1036,8140,4711,2,Low,236777525
982628,,45,1690,5105,12878,4,Low,645698582.3
820645,,37,3634,9495,86821,5,Low,4344454303
576949,,33,2445,6322,37430,2,High,1873799947
976189,,47,3194,6900,26463,7,Low,1326229456
530157,,36,4331,793,38414,2,Low,1924573207
1934198,,12,4847,9370,21963,4,High,1102971784
916511,,48,332,3404,22175,2,Medium,1109367249
331687,,6,1734,9528,56729,7,High,2838064530
1721741,,32,829,3509,59782,8,Medium,2990419872
1579536,,3,452,3646,26159,9,Medium,1308896513
1604843,,7,1238,5420,57057,7,High,2854478385
986832,,48,2305,5334,79106,7,High,3957623736
1787539,,27,1597,2557,57798,2,Low,2891892721
332101,,34,298,5349,93994,3,Medium,4700086988
744803,,30,4308,3972,94330,6,Low,4720436011
878144,,31,3139,6542,75651,7,High,3785545575
982614,,2,1701,4104,28087,6,Low,1406150265
1498502,,31,833,4169,44992,7,High,2250846668
1600973,,4,2280,3430,51268,6,Medium,2565907396
943556,,13,3828,2114,44116,4,Low,2209390890
131996,,5,1091,3930,60215,4,Medium,3011733974
1677926,,29,2494,5163,69286,8,High,3467023562
1381966,,33,2278,3844,77211,7,Low,3862983558
883906,,10,2834,7963,57524,1,Medium,2878939375
1962119,,30,846,3517,65338,7,Low,3268318234
233946,,45,3083,1470,91509,7,High,4578161506
949962,,41,262,1691,91107,9,Low,4555914334
1968959,,3,791,5128,73733,1,High,3688024666
253079,,29,1737,2592,69080,5,Low,3455574988
327296,,20,4254,9391,23566,6,High,1182056331
317586,,24,2127,2024,68012,2,High,3402527045
1717564,,44,210,3103,70841,10,High,3542842685
1219129,,31,1988,2930,19200,9,Low,962127540.2
1635935,,21,4368,4454,78529,4,High,3930749032
754219,,25,1645,5088,98203,1,Low,4911827947
517385,,27,226,3733,97959,10,Low,4898335757
983014,,21,4686,1378,12273,4,High,617983119.9
98270,,9,1398,5254,68941,8,Medium,3448286910
1132156,,38,2933,4703,28821,5,Low,1443955622
1664066,,47,279,3026,73056,6,High,3653632778
681510,,24,4232,6657,32630,8,Low,1635355251
986092,,38,1024,7392,4163,4,Low,209388572.2
774895,,44,2766,1958,61308,8,Low,3068032488
713667,,24,675,1418,54452,5,Medium,2723429958
117182,,34,1659,3824,59593,4,Low,2981114804
1822262,,41,3942,9291,62414,10,Low,3124716639
816394,,34,1121,8725,18599,1,High,931214480.4
824924,,13,538,4266,89459,10,High,4473708248
687961,,45,1969,8233,56866,3,Medium,2845240419
1896277,,35,2620,289,83094,5,High,4157595619
1120977,,13,4063,4357,98354,6,Low,4921558344
257367,,17,864,9884,13759,2,Medium,688801228.5
1676287,,29,4172,1925,71321,4,Low,3570191193
708425,,24,405,7505,16870,2,High,844113841.3
820868,,45,2940,7997,92175,8,High,4611561696
346587,,40,4449,4128,19999,10,High,1003868075
422682,,42,4327,1458,98677,3,High,4937684574
1799937,,20,3013,3605,64343,9,High,3220352440
167731,,5,676,4034,32181,10,High,1609693991
246716,,20,1384,5184,26666,1,Low,1334578111
1742058,,26,576,2915,35582,8,Low,1780209728
1299215,,16,1205,1048,5018,9,Low,252383515.3
692236,,6,3459,8219,19091,6,Low,957753700.1
1354870,,40,4285,8069,89324,8,Low,4470341427
1666909,,39,828,601,99692,2,High,4985893401
1176097,,3,1448,8535,92399,2,Medium,4621614131
306257,,12,2212,8712,97621,4,Medium,4883060610
1435199,,23,1972,1949,17857,8,Low,895036152.2
1371897,,20,1150,6231,5628,3,Medium,282875641.5
1134898,,27,1338,6328,63511,10,Medium,3177103574
1513268,,36,2084,5958,23198,8,Low,1162220259
1973117,,47,2572,2038,61486,8,Low,3077187526
947920,,9,638,9810,34405,7,Low,1721149677
679744,,49,3617,8674,86702,2,Low,4338439925
369468,,42,4560,9644,25331,9,Medium,1270584464
1300742,,7,2800,3083,80165,3,Medium,4011093807
1324011,,1,3417,7429,43988,1,Low,2202786546
314770,,28,497,1258,85098,7,Medium,4255439125
471643,,29,4926,1506,73679,3,Medium,3688309420
180751,,48,1695,5622,4678,5,High,235423827.9
1034921,,22,4037,1502,34831,4,Low,1745350067
1446448,,37,4913,4613,96195,1,Medium,4814448279
1860852,,4,2898,9609,9726,1,Low,489439100.7
412745,,46,4834,4790,5488,10,Low,278670855.8
281997,,14,3753,9756,34675,4,Low,1737064819
1507990,,47,283,1074,26518,5,Medium,1326676672
490299,,34,1736,802,38096,1,Low,1906453290
1196194,,41,1106,5855,32970,2,Low,1649878325
1470559,,28,1370,1943,48710,10,High,2437187413
1973759,,35,4749,3347,23571,10,Medium,1183290033
1511891,,46,1130,5983,31521,5,High,1577560139
227919,,21,3050,6397,94771,10,Low,4741240784
1166671,,36,1555,4358,68515,1,High,3427495300
719041,,21,4942,1530,57150,6,Low,2861958709
1874622,,25,2217,6176,75645,4,Medium,3784809008
1068742,,42,2870,3016,60326,10,High,3019126140
709029,,12,1158,6260,21613,2,Medium,1081899550
1491025,,29,1279,938,53670,2,High,2685114834
1080350,,19,3343,5576,16848,2,High,845635892.5
1967665,,48,3342,3083,66358,5,Low,3321442850
1873401,,8,537,4906,1264,2,Medium,64325365.35
784998,,13,3545,2940,52672,6,High,2636896909
211093,,15,3341,9524,92225,9,High,4614189343
511452,,38,262,3786,96867,3,Low,4843765733
1221567,,12,3919,5784,55126,1,Low,2760074598
1449685,,3,2673,7174,42242,7,High,2114897735
321008,,13,4102,4568,50403,5,Low,2523762033
1055053,,3,4934,5556,65072,8,High,3258177419
468166,,25,1770,2264,50030,9,Medium,2503177018
1097819,,20,3342,9025,19914,3,Medium,998949899.2
1139748,,46,4200,2237,89591,9,Low,4483530024
502686,,24,4556,2381,44037,6,Medium,2205907373
1780641,,7,3269,6135,25963,2,Medium,1301568052
477137,,48,3395,8103,7196,2,Low,362878765.5
760596,,42,1542,6207,57336,3,High,2868397466
1888889,,14,312,7339,87496,7,High,4375746339
1955430,,33,828,1566,72535,1,Medium,3628146076
1076910,,47,3173,7446,83707,9,Medium,4188448224
1461780,,30,2237,5246,99381,10,Low,4971479788
1973065,,15,2532,6671,42346,10,Medium,2120161250
1276909,,44,969,4793,2390,3,Low,120787830.7
1779817,,42,818,545,41081,8,Medium,2055374638
533736,,8,4106,5418,49150,6,High,2461191413
251790,,35,3217,2156,84006,5,Low,4203132167
1868278,,27,4505,3369,64850,4,Medium,3246994810
1469492,,31,3851,7197,27244,9,Medium,1366009385
1541376,,38,4578,9234,93512,3,Low,4680058427
1092890,,17,3171,969,17093,3,Low,857732324
1286352,,48,3452,9115,26263,3,Medium,1316562971
403128,,32,2054,5779,14838,2,High,743805282.3
843212,,16,4236,2806,67870,3,High,3397404659
1868843,,30,1147,9778,95045,6,Low,4753907090
1016477,,29,2123,6642,33116,5,Medium,1657980402
1284465,,43,3463,3091,70007,4,Low,3503756000
1936583,,10,2239,5170,6141,5,High,309645079.1
706722,,20,1695,2576,52340,4,Medium,2618696943
888896,,43,2899,8784,34684,7,Low,1737002384
1469772,,47,2146,3465,40967,6,High,2050702823
693711,,50,426,1083,16114,9,High,806313606.4
1630107,,31,3875,9862,1211,7,Medium,64442662.45
980083,,32,2734,1756,95742,6,High,4789775159
1253748,,49,4469,8973,19790,2,Medium,993765774.3
1922197,,18,4226,1064,49150,9,Low,2461769689
446999,,33,717,6341,93203,2,High,4660935712
721065,,18,1930,4355,57948,4,Medium,2899305920
1813438,,2,4339,7319,66643,5,Medium,3336491391
1408485,,31,2574,5718,93247,4,Low,4665048885
1748277,,29,2318,5856,7442,2,Low,374700317
488619,,32,3428,9075,66913,3,Medium,3348761344
670579,,41,484,4327,73209,9,Low,3661111840
1871570,,29,1243,8123,19649,1,Medium,984185387
1602440,,17,1235,6474,30444,7,Low,1523828829
1628352,,26,4365,351,2980,7,High,153284170.7
338559,,33,3294,6917,79800,2,High,3992939648
1195061,,30,2030,8458,84220,5,Low,4213168516
1341511,,18,2122,5596,86284,7,Medium,4316489379
864665,,37,4733,8067,15016,5,Low,755150290.3
1895351,,42,4510,7072,17447,6,Low,876869592.9
242281,,17,1940,3084,4011,8,Medium,202293548.4
838860,,5,2686,7613,49100,8,Low,2457596334
1844438,,4,795,7481,16254,8,Low,814040485.8
109630,,41,871,6641,32889,1,Low,1645250243
708740,,21,4360,7423,61161,8,Medium,3062025137
851435,,42,1446,3587,11467,3,Low,574891109.8
1616513,,42,1400,9348,75194,3,Medium,3761484190
1350592,,33,506,8743,25940,3,Medium,1297928625
1558424,,7,2116,5878,43760,8,High,2190359583
400674,,13,2846,9355,43700,1,High,2187584283
768274,,15,1053,8531,72918,10,Low,3647087073
169474,,27,2335,1275,64847,2,Low,3244400493
1247863,,45,3775,5582,1251,1,Low,66214857.05
259439,,47,2526,5734,56092,9,High,2806857879
1395970,,16,1910,8202,40014,1,High,2002834515
703110,,21,248,8057,37139,4,High,1857429551
661906,,43,4392,3919,64386,7,Low,3223279825
591711,,35,2032,6311,15771,10,Low,790504276.4
1130273,,22,4004,7834,4984,3,Medium,253021220.6
1188253,,32,1325,4126,23544,6,Low,1178756294
1455645,,38,1218,7390,8911,3,Low,447117810.8
546235,,5,2429,4489,34994,10,High,1751967655
700543,,10,1441,6917,4648,2,Low,233888532.6
950947,,1,573,1823,98025,2,Medium,4902074559
1407670,,44,4612,2516,18481,3,High,928474454.5
1882776,,31,811,6097,95324,5,Low,4767567284
1922412,,6,4912,9606,64152,5,High,3212472779
1284365,,17,1710,5932,48469,10,Low,2425369898
160204,,38,4660,9387,37031,2,High,1855595099
151082,,9,2985,7215,93783,3,Low,4691759246
1663089,,49,3654,2589,97580,3,Low,4882700334
234585,,27,3494,241,75557,10,High,3780905847
1135657,,11,4041,1928,64988,5,High,3253238470
1747548,,24,1770,6962,46248,4,Medium,2314536427
983326,,36,255,4386,40228,3,Medium,2011976199
833352,,37,4803,8867,81306,6,Medium,4069700831
654813,,21,923,6672,27631,2,Low,1382582935
191652,,23,1324,3963,8188,4,Low,410605145.7
850874,,39,2221,7663,23529,6,Low,1178659493
812500,,25,2934,6779,35949,4,Medium,1800248223
1346072,,14,953,7315,32003,9,High,1601451143
1408858,,43,4696,7323,81785,8,Medium,4093758168
170455,,50,3576,1897,78579,7,High,3932060002
1219177,,35,2922,8112,40495,5,Low,2027684892
1698780,,44,4828,5392,85331,4,Low,4271267133
962671,,24,1102,4756,34538,5,Medium,1728188405
923820,,6,567,9885,53386,9,Low,2670130720
856607,,45,4927,2579,33518,1,Low,1680399610
1832287,,9,223,1985,85633,5,High,4282486893
1298226,,24,3028,5735,53259,6,High,2665995397
1874045,,24,794,6078,8649,1,Medium,433798890.8
1284640,,20,4622,5482,34044,5,Medium,1706594429
991102,,23,4849,7126,21503,7,High,1079639111
1473615,,26,2792,4208,77865,3,High,3896152605
409334,,47,4509,4162,44051,7,Low,2206541962
368561,,31,2642,431,90385,4,High,4521629494
98355,,2,1949,3249,1288,4,Medium,66099436.75
1168459,,38,3821,2302,35006,4,Low,1753967126
1131919,,47,2429,9846,32115,8,Medium,1608241077
620077,,11,4740,885,65116,10,Low,3260049559
824605,,10,3934,394,57848,1,Medium,2896034697
1424499,,30,1767,1065,21323,1,Medium,1068156787
1456462,,43,4186,2151,29603,9,Low,1484228399
1180723,,43,2972,3622,99715,3,High,4988703668
1875430,,24,1956,1611,57092,8,Medium,2856925908
699517,,22,2197,3654,55140,1,Low,2759124056
59493,,24,1416,6784,32714,5,Medium,1636944263
1492399,,16,763,7905,99441,1,Low,4973242572
1409091,,9,4612,3378,41045,7,Medium,2056672907
94523,,20,3664,2535,59050,3,Low,2955656221
413424,,28,1992,414,63971,3,Low,3200392293
1344264,,21,1250,5683,44102,4,Low,2206649720
787285,,22,1726,3294,63447,3,Low,3174103525
1115468,,5,1108,7422,61065,2,High,3054601369
1458559,,45,1015,8733,89759,2,High,4489350478
643173,,43,2865,5623,36969,3,High,1851129578
1209569,,45,2535,7072,53479,5,Medium,2676551179
1499037,,21,3009,7154,95242,7,Medium,4765202718
1095841,,7,2998,1927,28345,4,High,1420187502
1939677,,37,1694,1047,53357,1,High,2669975844
782702,,8,716,1558,51268,5,Medium,2564287401
668489,,36,3520,5567,83747,10,Medium,4190594209
1172712,,41,1851,6446,87001,8,Medium,4352054834
1873616,,7,630,1851,76877,7,Medium,3845046733
593582,,43,903,8211,91237,6,High,4562850991
1367170,,46,3077,3936,91953,6,Low,4600759320
639736,,31,1054,8799,88184,7,Low,4410345525
1764951,,1,3362,1634,91383,10,High,4572629638
922491,,37,2248,8242,19456,10,High,975058716.9
1846053,,34,4960,8670,90428,6,High,4526287874
1116242,,34,1947,4007,43539,5,Low,2179009732
325478,,18,2287,1463,45784,10,Low,2291263685
837499,,35,1599,764,21056,7,Medium,1054458385
172504,,48,400,8730,40396,9,High,2020227961
392831,,36,3644,2143,26987,6,High,1352594568
1462375,,21,644,8396,53302,8,High,2666182741
1731264,,15,1447,1572,51320,1,Low,2567841622
1292887,,10,3617,392,39775,8,High,1992279140
1264670,,28,3764,8401,54487,2,Low,2728016397
492157,,15,1213,5666,33737,1,Medium,1688069270
665795,,13,4225,7014,50248,1,Low,2516243373
436688,,17,774,8457,15839,2,Medium,792783923.3
1324479,,39,4890,2735,54587,7,Medium,2733981585
1315059,,27,1365,6889,94837,2,Low,4743490983
160100,,12,1984,5401,79120,8,High,3957757378
1103166,,19,4523,1660,87878,4,Low,4398137088
1072690,,33,1128,979,62233,2,High,3112990649
439616,,7,241,4971,88577,10,High,4429221983
688596,,47,2649,1060,47013,3,Medium,2353150949
996373,,44,1203,4763,27466,5,Low,1374688468
193599,,22,3885,7064,79435,5,Low,3975140310
1166232,,35,2388,5409,9913,3,Low,498105703.7
479379,,34,3225,4018,9161,2,Medium,460973157.7
1051040,,24,695,7279,77431,1,High,3872529692
63659,,27,2239,6342,88621,1,Medium,4432994526
1327325,,35,228,5864,28442,6,Medium,1422777224
763505,,45,594,5059,98588,3,Low,4930190174
105643,,2,206,1006,81537,6,High,4077064830
1857622,,47,303,7657,94203,10,Low,4711082500
1820718,,8,2655,1798,65926,2,Medium,3299199456
1036669,,2,2843,2243,75100,8,Low,3757785232
1298817,,6,574,6607,14140,9,Medium,707959723.5
371468,,11,2340,9449,53467,10,Medium,2675493956
1750261,,25,4961,764,32210,1,Low,1615334351
1324438,,41,4054,6568,73588,5,Low,3683330793
263833,,33,4724,3439,3458,6,High,177020299.1
1795410,,3,3815,373,72308,10,High,3619272436
837316,,14,2312,7505,39624,3,Low,1983478703
553584,,38,2044,1202,75040,5,Low,3753938719
353512,,38,2305,2189,92078,3,High,4605993012
1125101,,24,3658,2116,2072,6,Medium,107111255.4
1647842,,31,2030,5461,98891,7,Medium,4946869617
689885,,15,4934,3362,45033,9,Low,2256095565
514640,,11,2264,8624,60026,5,Medium,3003427404
1552847,,9,1053,6265,28371,8,Medium,1420005289
1698463,,14,1071,4400,19149,8,High,958967492.1
77911,,25,1850,5183,24915,1,High,1247365726
1190912,,16,3551,1372,38137,3,High,1910290519
140581,,13,963,3082,42520,4,Medium,2126877018
507965,,50,1521,4211,41921,3,Medium,2097537165
541740,,30,370,3521,25530,6,Low,1277016512
1606050,,17,2442,9915,96828,7,Medium,4844064645
753853,,47,1621,8792,18911,1,Low,947219318.6
1376620,,27,4507,766,39722,9,Medium,1990417922
880729,,29,4374,3570,80155,7,Medium,4011788560
583735,,25,1136,9274,53101,10,Medium,2656246092
1085967,,20,1120,5266,20706,2,High,1036647653
1875149,,11,2240,3878,36195,8,High,1812321317
1953805,,11,1823,7016,71963,10,High,3600402242
754063,,18,1484,7086,64280,3,Medium,3215545197
1510089,,37,2716,2061,26085,4,Low,1307096724
552099,,5,3510,8555,43432,10,Low,2174798722
1227581,,44,3226,8189,64105,5,Low,3208447506
778260,,18,4399,3087,66670,4,High,3337521419
698018,,15,1362,9427,79227,6,High,3962777374
1299494,,20,4760,932,93494,7,High,4679205553
1842497,,24,1785,461,83902,8,High,4197266156
58962,,40,2410,3004,85124,1,High,4258281447
924936,,4,2872,1121,76279,2,Low,3816718210
1108976,,6,3173,672,21430,2,Medium,1074587592
608988,,38,4263,9587,99696,9,High,4988665223
1717340,,47,1574,8483,28008,7,High,1402365817
123930,,37,4736,6738,91632,7,Low,4585690261
989672,,19,2409,2771,67465,3,High,3375653243
872081,,42,3085,2136,90840,1,Medium,4544937858
99969,,22,3822,9735,86213,4,Low,4313960667
1095559,,45,1576,5533,41205,6,Medium,2061992278
1567400,,16,1993,2214,60046,1,High,3004550095
754121,,28,2476,3111,48471,9,Medium,2425929680
1331432,,19,3509,8794,11777,2,Medium,592322916.2
1171044,,15,2919,5217,82871,8,Low,4146455858
1290419,,6,1117,3210,66852,3,Medium,3344009842
984566,,32,2050,570,25128,10,High,1258492363
1355216,,49,3446,6324,17907,8,Low,898775115.6
835843,,11,2411,8359,86184,6,Low,4311564113
405360,,49,2462,5152,4713,7,Medium,237903336
1090764,,12,2235,4294,2732,2,Medium,138893692.4
1403562,,46,1278,4195,82812,6,High,4142193554
969277,,17,3986,7258,46419,5,High,2324697532
400493,,38,4593,6387,88534,9,Low,4430764750
903846,,46,4607,5258,26200,9,Medium,1314250961
1695770,,38,1132,6378,15506,3,Medium,776876224.5
1328316,,49,2148,8654,52098,4,High,2607218226
533790,,28,2382,8553,62395,1,High,3121986269
777069,,50,3972,1676,25226,1,Low,1264958364
180094,,40,352,9489,37825,7,Medium,1891640755
1727834,,24,2125,5622,67664,8,Low,3385627927
340735,,48,3501,5148,56532,9,Low,2829713737
306835,,5,4346,5457,44046,2,Medium,2206115735
1447105,,42,2089,707,35919,2,Medium,1798238944
985828,,21,2023,7755,28055,4,Low,1404836497
1320618,,47,244,4709,23241,10,Low,1162737029
921649,,5,360,8895,53119,8,High,2656601415
430944,,39,4206,666,22231,3,Medium,1115282275
1199233,,31,2878,3854,32267,7,High,1616229387
133434,,7,2398,4026,86352,6,Medium,4319695907
1949978,,22,2645,4840,49358,2,High,2470845482
194993,,21,534,715,89444,7,High,4472726455
730251,,49,1971,4148,84187,5,Medium,4211297188
1163636,,26,4659,234,44779,10,Medium,2243321128
1000576,,31,2359,9524,59793,5,Low,2992032882
1714539,,49,4594,2969,2112,5,Low,110118291.2
1111794,,3,851,9410,39444,9,High,1973336363
1218302,,19,3571,5306,42062,7,High,2106577301
885740,,47,1539,2885,96564,4,Medium,4829831012
1652531,,25,1771,5497,36155,6,Medium,1809850478
817272,,7,622,6502,23693,9,Medium,1185481840
1335961,,13,4198,8537,33406,10,Medium,1674358789
131707,,26,4007,182,20391,8,High,1023005622
1494618,,23,1820,912,39563,5,Medium,1980225156
557904,,48,1457,8894,97785,5,Medium,4890711711
373084,,19,3057,6130,74555,5,Low,3730496634
898449,,18,1445,8804,98684,3,High,4935766877
995085,,25,888,8685,33218,10,High,1662027792
1422615,,25,2995,4321,27862,9,Medium,1396157468
925381,,15,867,5936,38044,4,Medium,1903277473
1867278,,1,405,7036,1788,3,Low,90415507.3
970943,,22,2638,3161,9112,4,Low,458192672.6
680717,,40,1829,822,34724,3,High,1737999756
160747,,15,1153,2867,48387,5,High,2420395279
1293926,,9,3531,5251,12586,9,Low,632768431.6
984423,,40,3378,4536,7950,7,High,400731988.1
891475,,37,3916,2808,25787,10,High,1293002076
796754,,33,3376,7263,36590,9,Medium,1832670581
800026,,12,878,161,11607,6,Low,581378151.6
161943,,30,4214,6878,25553,3,Low,1281309375
912704,,49,4941,4244,84303,4,Medium,4219685786
1285281,,14,741,1213,64758,2,Low,3238984411
1359682,,5,1949,6844,52774,2,Medium,2640850249
1080994,,34,2938,8157,1646,3,High,85200120.4
631508,,49,2801,237,94632,7,High,4734208350
1153624,,37,4773,4346,93020,3,Medium,4655476123
1629139,,2,2319,6725,87778,9,Low,4391458401
1118244,,15,4896,984,72244,9,High,3616757245
141654,,32,2367,1460,91231,4,Medium,4563619019
769882,,25,435,8336,4983,7,Medium,249813048.7
1493585,,39,4898,3848,34645,6,Medium,1736950355
1026070,,42,991,6570,67422,3,High,3372322940
444393,,31,776,9976,11005,5,High,551093797.6
244405,,22,3361,1923,52653,3,Medium,2635599839
1005765,,43,1810,473,65691,2,Low,3286446860
309421,,43,3767,6653,96573,1,Medium,4831982040
235734,,28,4689,2876,43901,4,High,2199128707
1100291,,38,1531,726,55687,5,High,2786042827
95086,,31,1475,2139,48165,6,Low,2409546098
1824881,,10,1890,6138,61829,3,High,3093711753
1042038,,18,3917,2408,85604,5,Low,4283902343
375050,,7,3321,7013,86160,9,Medium,4310972490
1631069,,3,1538,5022,73065,3,Medium,3655141089
1100476,,28,2998,1874,6799,4,Low,342891511.6
812372,,35,4789,9031,89000,8,High,4454381758
113258,,26,1324,1329,87300,4,Low,4366171483
1172381,,16,3310,9816,63244,3,High,3165450293
601565,,12,4151,3197,57273,9,Medium,2867398330
815902,,29,4141,461,28446,1,Low,1426110048
336123,,29,1624,5777,81366,6,High,4069815966
1539685,,22,2361,2466,16749,1,Low,840004544.8
1098596,,46,3151,6858,55983,9,Low,2802235524
534928,,14,1203,5631,72132,8,Medium,3607825532
209813,,19,4459,8659,33193,5,High,1663537512
995242,,2,1784,8836,23740,3,Low,1188887065
972388,,46,1298,8476,16277,6,Medium,815320345.8
1554924,,32,278,8150,67049,9,Medium,3353254738
343455,,47,3998,4317,39779,2,Medium,1992484942
220821,,16,2913,6757,7005,6,Low,352822149.9
1515037,,23,2003,9782,70508,6,High,3527660028
1702512,,46,1147,8113,64931,1,High,3248146632
1902180,,26,501,4958,18814,4,Low,941807128
344287,,49,1084,8475,60071,1,High,3004618968
761798,,19,1835,1995,85338,2,Medium,4268733647
159462,,44,2910,3137,30154,10,Low,1510242434
1753189,,2,4346,2712,48253,2,High,2416964736
56505,,32,3957,8704,16059,5,Medium,806358826.8
1465763,,2,2294,6252,43102,3,Medium,2157578787
614564,,20,4024,6837,95038,10,High,4755554990
1410558,,13,2057,9591,92368,6,Low,4620667683
1122090,,21,1649,6624,40236,7,High,2013613462
70449,,40,4890,8035,87520,7,High,4380206045
155556,,17,1835,5155,34785,2,High,1740879122
1724213,,34,3635,5833,92633,3,Medium,4635361887
1398222,,16,974,5068,76805,9,High,3841581868
662820,,32,1717,5837,95631,3,High,4783259870
1147925,,28,1525,993,18238,9,High,913603866.3
132514,,37,2976,4389,35647,2,High,1784941392
957395,,38,4862,9629,32868,6,High,1647896421
594710,,21,4998,2759,87159,4,Medium,4362415866
1865278,,9,2086,4894,88320,4,Medium,4418439262
531639,,18,2078,392,11817,1,Low,592805513.7
97338,,10,3409,4853,37877,6,Medium,1896795051
597607,,49,2999,9302,48077,9,Low,2406637447
1922166,,31,888,751,96122,1,Medium,4807533156
968661,,15,2971,9740,24455,5,Low,1225640531
407010,,43,3983,8269,66715,1,Low,3339303836
111233,,30,3614,5854,22451,3,Low,1125679067
245894,,17,674,6776,83656,2,Low,4183477943
1110154,,41,4785,829,98717,5,High,4940312796
609540,,21,553,8874,14708,7,High,736108094
691262,,38,4622,6034,93452,4,High,4676790287
559983,,46,3233,1479,54272,7,Medium,2716553262
1900147,,33,3154,7957,27405,1,Medium,1373619804
1365610,,23,2687,3329,77615,4,Low,3883522996
1748501,,34,648,3413,56109,9,Low,2806625388
1296946,,28,1697,957,76854,9,Low,3844602134
1654671,,27,2218,5489,39542,1,High,1979581397
308981,,27,1453,4969,20775,10,Medium,1040108856
702763,,36,1818,5790,4163,6,High,209960062.1
1459533,,49,4851,4472,60402,8,High,3024751247
1221864,,47,4533,2007,75097,10,Medium,3759141360
804265,,30,1440,2028,92145,2,Medium,4608764163
1419939,,29,260,8992,75401,8,Low,3770793939
147706,,16,1916,2761,72078,4,Medium,3605589120
283920,,50,2774,3871,3774,10,High,191172949.5
894091,,39,916,8336,76194,8,Low,3810817052
962317,,15,655,7537,19663,7,Low,984064203.5
674772,,5,4354,8115,7769,2,Medium,392407957.7
1947704,,40,1790,5464,78452,3,Medium,3924821656
1273435,,17,2553,5582,81078,1,Medium,4056531747
209664,,26,4604,4918,86214,6,Low,4314702197
976703,,48,1162,8310,27264,6,Low,1364556081
611840,,19,3698,7292,72936,10,Medium,3650177954
184423,,27,3436,9146,23764,1,Low,1191211253
556881,,37,4148,5649,1126,5,Low,60039270.85
1776741,,30,699,1782,92789,3,Low,4640674064
858955,,42,1185,8014,19335,1,Low,968082959.3
1098945,,41,2601,1001,75916,6,High,3798402903
1537204,,44,4183,7814,82717,8,Medium,4139968386
1345787,,29,879,8669,20489,1,Medium,1025693328
629843,,35,2099,6865,73664,6,Low,3685225958
191494,,35,267,592,6641,2,Medium,332349652.9
123482,,49,1964,9531,95518,8,Medium,4777642326
1758076,,6,3818,3571,70349,10,Low,3521320274
690038,,42,2064,1809,90245,10,Low,4514255476
829494,,30,374,3820,59503,9,High,2975771373
595548,,44,2484,6634,39836,5,Medium,1994141707
1738873,,29,2564,2176,44614,7,High,2233496926
1982205,,7,1112,7540,1549,8,High,79108661.75
1942467,,31,2433,1003,60829,2,Medium,3044204141
613176,,23,3274,4442,85524,9,Medium,4279211377
1557110,,24,1900,8150,37371,5,Low,1870733244
1738095,,4,1356,3873,59347,6,Low,2969121096
989506,,35,2165,5139,51346,6,High,2569503625
795194,,30,3013,1183,98722,9,Medium,4938945925
786849,,2,1238,5891,42217,7,Medium,2112192665
938067,,46,3233,8067,95023,4,High,4754252061
1745422,,27,2150,877,73859,10,High,3695393830
1009628,,49,3994,7836,7544,4,Medium,380973739.8
1717255,,46,4857,8487,68705,5,Medium,3440006227
1413724,,50,2279,1766,12966,6,Low,650742368.4
1785667,,32,3984,4675,98183,5,Medium,4913176911
111157,,40,646,7207,72512,8,Medium,3626210822
1738352,,11,4107,2264,25976,3,High,1302906353
157098,,3,4799,4791,45574,3,Medium,2282846472
1690805,,21,470,8189,28574,7,High,1429714274
535231,,29,1458,3372,13018,1,High,652338540.9
267458,,10,3410,650,35354,6,Low,1770694935
361380,,43,4903,7862,77583,9,Medium,3883468848
1318902,,10,761,4380,66094,8,Medium,3305820616
1159765,,48,3827,4530,6561,1,High,331725952.8
180111,,38,2025,2633,64443,2,Medium,3223945431
881768,,15,2281,8239,47481,3,High,2376319866
1565341,,26,1545,1212,2501,5,Low,126917269.4
1380806,,49,2749,6300,96150,7,Medium,4810341562
1274687,,45,2700,1752,2031,6,Medium,104300920.5
555158,,23,4789,6067,46027,3,Low,2305632883
917305,,50,4591,2667,48455,6,Medium,2426986074
801514,,2,4129,7791,60479,3,Low,3027759897
249009,,20,4261,1854,34686,7,Medium,1738016038
657832,,34,744,7458,11214,9,High,561585366.2
223435,,31,4104,6628,34508,6,Medium,1728986892
210956,,2,4715,6312,63590,6,Low,3183597605
927838,,42,4466,7635,31989,4,Medium,1603594971
200813,,33,2303,4539,3714,7,Medium,187743142.1
1363704,,20,1341,4075,16420,4,High,822629733.9
1734082,,26,2386,7097,57361,6,Low,2870705891
1039387,,24,3595,4105,94296,4,High,4718232678
297252,,8,634,2736,50830,1,Medium,2542150738
1698486,,42,1829,4796,85778,4,Medium,4291066150
537933,,24,2180,7220,22555,4,Medium,1129812207
1270864,,11,1928,220,76277,2,Medium,3815935472
397663,,44,1961,7315,90863,10,Low,4544979600
582843,,2,4170,8379,83557,3,Medium,4181619683
1100609,,38,3728,7750,32562,7,Low,1631677948
983147,,21,2738,7139,26265,10,High,1315941769
286879,,9,1434,1287,53090,1,Medium,2655823605
1139956,,43,1323,3445,3248,8,Medium,163937307.1
107967,,35,1754,5958,74968,7,Low,3749947783
63394,,30,1935,4035,28878,3,High,1445580625
198477,,32,4462,8067,82985,7,High,4153136174
501508,,7,2018,9489,1497,2,Medium,76765390.3
683097,,15,2297,2563,11058,2,Medium,555099741.5
716372,,4,2730,1450,37171,4,High,1861125335
1349451,,32,3599,2287,36054,10,Medium,1806241015
1354540,,18,4932,9396,60378,1,Low,3023591939
973491,,15,438,3767,80820,7,Low,4041724239
1460403,,45,2583,5298,37865,3,Medium,1895975336
1222667,,30,4881,1021,29687,3,High,1488932936
136643,,37,2300,2577,93138,7,Low,4658913708
1210910,,4,4985,496,46090,3,Medium,2309162789
467391,,21,3862,3413,65027,9,Low,3254807339
1870336,,49,412,5074,65213,4,Low,3261673383
1866939,,42,1318,7643,50993,7,Medium,2551447876
146641,,3,3214,7397,71011,5,Low,3553352077
62944,,42,204,6479,85189,4,Low,4259666668
1323402,,2,1045,5044,17531,1,Medium,877914290.7
1740214,,49,569,101,45737,3,Medium,2287948857
1759879,,36,1191,7695,21217,3,Low,1062501865
1817384,,13,4214,9568,17703,6,High,889393464.4
661541,,41,2512,8608,73884,6,High,3696593179
287913,,6,1911,7046,47463,6,High,2374893455
550231,,39,4748,1113,90191,1,High,4513785843
1433837,,28,1013,8536,17515,6,Low,877137593
937555,,32,4827,4855,71337,8,Medium,3571297072
411215,,7,4501,9752,76590,4,Medium,3833494995
1781353,,46,2275,5958,99344,4,Medium,4969777639
1686797,,48,1817,4631,9134,3,Low,458852166.5
360030,,10,2131,1575,88185,4,Medium,4411192498
118979,,19,4444,8774,87859,2,High,4396793258
560008,,7,1684,6998,22075,5,Low,1105395738
1192086,,30,1191,8589,64533,10,Low,3228104653
959161,,4,3502,2680,59730,4,Medium,2989819586
245877,,4,1001,7604,64288,7,High,3215356397
1420567,,16,995,8010,55196,10,Medium,2761164893
1251918,,1,964,9114,74308,5,Low,3716680476
1868409,,9,4254,2088,33418,8,Low,1675176143
1326104,,36,2932,1680,55677,5,High,2786814856
775436,,3,2808,6626,81755,4,Medium,4090425128
433060,,32,4062,1714,79471,6,High,3977162396
1163300,,31,2208,3499,71030,2,Medium,3553796423
1733007,,3,3923,9674,88877,10,Low,4447815647
286883,,16,1575,6203,53940,4,Low,2698456587
1097482,,27,4663,1111,59154,9,High,2962053686
270936,,44,2732,7274,11647,4,Low,584790492.6
771778,,22,2075,2736,27528,6,Low,1378443352
1961443,,50,1140,2191,24678,10,Low,1235566983
254032,,27,4798,4819,56821,7,Medium,2845232499
1333022,,43,3715,2890,40659,10,High,2036586693
1203849,,8,526,6878,63805,5,High,3191136602
1532668,,35,1668,2478,54657,1,Medium,2734814629
1847014,,20,4480,4461,55894,9,Medium,2799168007
909317,,34,2309,703,56891,8,High,2846836748
610849,,14,451,3315,66963,10,High,3348757115
633008,,7,2666,2245,29518,2,Low,1478394105
1819555,,36,930,5524,51140,4,Low,2558445474
404949,,34,464,1107,52252,4,Medium,2613142980
1515065,,15,3722,7595,9482,9,Medium,477814760.3
1911389,,30,830,3387,89398,9,High,4471286554
442007,,16,1643,2600,29061,6,Low,1454609672
464994,,12,2722,7190,33247,8,Low,1664845863
532755,,25,270,9580,46602,7,Medium,2330542914
541656,,26,1955,6457,50226,5,High,2513170592
532045,,2,2839,6991,5211,1,Medium,263167083.3
375647,,34,2575,363,15651,6,Medium,784875214
385870,,27,1866,9993,5238,9,High,263649377
178281,,41,1625,4341,70426,10,Low,3522759421
489099,,40,4101,6454,51224,9,High,2564877970
1684889,,12,4988,523,90971,6,High,4553382259
914825,,9,4559,8966,52703,5,Medium,2639368834
1313619,,19,285,1756,19679,7,High,984658686.7
1055872,,4,4940,7667,33723,3,Medium,1690738203
1066680,,23,2423,4913,75966,1,Low,3800747931
1179223,,6,3598,8106,91345,4,Low,4570742013
447056,,40,4696,1060,66254,2,High,3316855520
1629705,,36,3932,2579,49345,3,Medium,2471173364
745173,,14,4492,1843,11650,5,High,586585298.1
149395,,2,3126,2162,13771,6,High,691265033.3
1783773,,50,3186,8510,42800,1,Medium,2143359696
1804753,,20,4066,9435,75269,4,Medium,3767563751
204277,,16,718,2321,48700,6,Low,2435689519
1626323,,23,3011,2360,50359,6,Low,2521087223
558262,,9,3491,7833,16750,5,High,840683404.2
740558,,7,2579,7450,11581,3,Low,581520810.3
1999094,,26,4722,3492,54391,7,Medium,2724275233
777629,,31,435,895,50732,1,Low,2537247878
767856,,46,3917,6478,93630,3,Low,4685119915
1653747,,36,1003,7383,86442,4,Medium,4323554139
1658350,,46,2657,1786,7727,8,Low,389198857.5
1166660,,36,4155,8421,72985,1,Medium,3653215454
1844010,,10,2998,7885,36286,10,High,1817514616
1660265,,14,2022,6472,38863,5,Low,1945467653
1300248,,13,3312,3034,3865,8,High,196529431.8
752278,,49,284,3549,69916,8,Low,3496319450
1671910,,37,4206,8256,60630,4,Low,3035685349
1841866,,44,3048,7809,20985,6,Medium,1052510256
311599,,12,589,8371,30968,3,High,1549032077
136293,,39,4891,3164,89983,4,Low,4503367643
1177054,,19,3294,6149,49746,6,Low,2490529521
716612,,16,547,9300,24764,6,Low,1238940934
281910,,41,310,8704,51371,3,Medium,2568938849
1211428,,7,906,6766,21104,9,Low,1056411855
1039650,,19,4719,6364,7077,9,Medium,358243217.5
1612586,,41,1514,4396,17959,1,Low,899817215.1
1376567,,45,4872,9609,77261,10,Medium,3867702421
1802852,,13,3638,8600,45058,3,Medium,2256646358
1197183,,16,3486,3976,86504,5,Low,4328593974
967230,,30,3098,7809,99033,10,Medium,4954644953
614975,,16,307,4743,32512,3,Medium,1626089969
825705,,27,1408,4955,96217,3,High,4812351424
1627576,,36,4081,1054,95908,9,Low,4799445457
334766,,44,3047,5729,1001,3,Medium,52776720.6
422416,,6,316,3490,68586,2,Low,3429725891
240185,,45,2373,3571,70726,5,High,3538415442
185543,,16,3006,2488,44872,7,High,2246228180
77610,,22,1852,8067,2939,4,High,148574171
1421216,,41,3241,7426,69233,1,High,3464925761
672418,,2,1936,1156,17202,1,High,861984076.3
1193772,,30,3855,8518,32362,4,Medium,1621819465
1217636,,23,271,6993,77940,1,Low,3897676765
379425,,22,604,3943,20487,8,Medium,1025008696
866384,,7,1180,2737,33686,4,High,1685613917
1602335,,9,1851,6002,21968,6,Low,1100550252
799146,,26,4360,423,84543,1,Medium,4231139879
939355,,37,1105,6041,51918,1,High,2597187567
1342310,,26,1880,2923,19905,5,Medium,997328236
339981,,47,239,920,95800,3,High,4790330083
1186783,,10,2940,791,2756,5,Low,140717551.6
1542878,,47,2147,6646,9623,5,High,483537212.3
427736,,43,1499,3044,5714,2,High,287136627.6
1205825,,40,2905,8472,45311,10,Medium,2268467269
508133,,48,679,7696,92897,8,Low,4645629997
1436924,,48,4014,5441,55190,8,Low,2763434186
1058431,,20,4593,562,92279,6,High,4618228306
1044311,,6,2058,3582,71328,3,Low,3568524484
1092703,,47,3867,1731,7338,7,High,370579363.6
277647,,27,1469,2547,11136,2,Low,558155434
854443,,35,1598,1316,31542,2,Low,1578764845
657654,,8,4527,9392,25758,9,Medium,1292002569
868521,,37,1288,6672,92898,10,High,4646319902
390558,,30,4068,7642,42891,3,High,2148167200
1785917,,22,2392,6555,90554,9,High,4530377298
1840639,,14,1085,4693,45142,1,Medium,2258679886
1756417,,25,693,8588,70682,1,High,3535328266
778336,,37,3960,2668,69739,1,High,3490599528
1731430,,42,269,7317,46936,10,Low,2347657983
611412,,2,3719,4676,76588,7,Medium,3832787074
781456,,48,2204,5722,8810,6,High,442666974.6
769533,,42,610,9404,56564,7,High,2829016387
1358993,,46,3078,5975,32214,4,High,1613812405
441332,,47,2366,6595,9388,8,High,471587693.7
1364178,,14,568,5180,29653,1,Low,1483624892
450759,,8,3079,1361,15147,7,Medium,760129278.2
1988175,,4,3403,9085,74309,5,Low,3719061604
738959,,7,4037,8209,37150,10,Medium,1861211448
689915,,36,233,697,35892,9,Low,1795045583
575839,,12,2769,8884,15140,3,High,759578843.7
836675,,11,3872,1104,41833,5,Medium,2095238116
1942410,,44,4186,9831,30760,9,Low,1542267801
1922646,,42,1626,1261,50405,9,Low,2522313219
904274,,13,1295,5788,47990,9,Medium,2400933276
1467648,,26,1572,4920,78165,3,Low,3910115297
1914789,,49,2886,6654,93846,6,Medium,4695445791
617639,,18,2934,6112,73349,9,High,3670177514
1691550,,15,474,6361,20585,9,Low,1030262645
161810,,19,753,1180,65168,7,Medium,3259101914
325091,,4,4003,3182,23477,7,Medium,1177374767
1618757,,40,4064,4489,54937,5,Medium,2750886987
131351,,46,769,100,76071,4,Low,3804255393
403522,,4,830,9783,32347,4,Medium,1618221670
1156949,,49,4511,1860,11633,10,High,585899812.2
1967349,,23,968,767,26897,3,Medium,1346366050
1026723,,9,504,2307,57785,2,Low,2890044601
1759462,,41,3611,4875,50128,3,Medium,2510102269
974846,,48,837,5070,2583,7,Low,130221081.1
1543089,,42,4232,8414,14995,9,Low,753913356.2
1194132,,30,2356,3822,15056,7,High,755233701.2
799928,,1,345,2880,94127,10,Medium,4706930545
1663167,,17,3167,6155,38832,3,Medium,1944891486
880160,,7,2966,500,91897,7,Low,4597681246
1282268,,49,3921,4321,22945,7,High,1151048326
518644,,11,459,9212,85200,7,High,4260596025
413347,,19,1930,7317,20115,7,High,1007555744
1434279,,39,4756,8084,99330,3,Low,4971069488
153358,,1,1278,1718,80370,8,High,4019644390
1618213,,17,3030,973,37661,6,Medium,1886196347
1802750,,34,4401,9922,38180,9,Low,1913400698
1355939,,19,281,227,95235,1,Medium,4762466276
1193786,,4,1822,8812,85024,5,Medium,4253189035
432295,,33,394,5319,62805,1,High,3140753461
1891054,,25,3171,8189,58171,6,High,2911930691
1597322,,36,673,5725,42181,5,High,2110199745
566235,,12,3098,9258,92494,6,Low,4627556067
1261828,,31,3246,3773,29076,6,Medium,1457013892
1386785,,40,4129,935,34817,10,Low,1744852162
264877,,9,762,4068,26344,4,Low,1317951657
614575,,50,1480,2455,82221,4,Medium,4112535239
1547667,,10,3386,6661,20069,3,Medium,1006887636
1773031,,1,2998,9794,21570,9,Low,1081693466
959976,,11,4861,5097,37517,4,Medium,1880331904
58267,,27,2614,8774,8567,6,Low,430617468.5
1352760,,41,4834,4852,8608,9,Medium,434999416
452607,,8,3112,7380,38240,3,Low,1914823022
1477749,,3,1265,3938,82001,2,Low,4101652667
1975271,,7,3706,5397,71371,8,Low,3572405777
406222,,23,3044,1829,35027,1,High,1754086910
129318,,3,4004,5947,93997,2,Low,4703313889
1491632,,43,3323,6010,84727,3,High,4239716806
1253868,,36,4011,9673,75580,8,High,3782876706
818035,,18,1023,7720,16848,5,Medium,843577322.3
495919,,15,3681,3233,45688,5,Low,2287712304
220517,,12,4007,6561,80023,6,Low,4004650973
1041896,,23,2970,5789,19343,8,Low,970056396.1
1920265,,16,1223,8342,13078,4,Medium,655634417.8
232525,,45,3863,1364,5826,1,Medium,294673743.8
537922,,10,2432,2105,96391,1,High,4821811935
1670135,,28,3087,4660,41562,5,Low,2081323507
1692452,,29,1014,5481,5694,9,Medium,286171440.7
181033,,32,4463,7889,94670,1,Low,4737380474
1449407,,7,221,7001,30792,7,Low,1540313485
57033,,34,1098,2811,35793,1,Low,1790614369
478793,,30,4083,6999,76090,10,Low,3808159225
1179788,,10,912,9564,46473,6,Medium,2324863236
522199,,39,983,3465,14934,1,High,747731662.2
1121583,,18,1764,361,20992,7,Medium,1051495017
296998,,19,1570,7655,69344,3,Medium,3468659867
936371,,23,3624,4738,84068,2,Medium,4206822735
657821,,45,3108,7865,8103,7,Medium,408047099.9
744435,,12,2525,6923,71765,9,High,3590675550
1476188,,33,4307,2597,25113,6,High,1259838068
1178862,,19,716,4314,61496,9,Medium,3075834267
1496700,,8,4174,8439,46849,6,Medium,2346543803
1059736,,24,2078,5622,14779,9,Medium,741104142.6
1877914,,42,2465,6419,63095,8,Low,3157523607
334764,,17,1744,8834,34256,6,Low,1714423692
1687788,,15,1296,1888,65464,2,High,3274898846
1386260,,25,4515,5149,17082,5,Medium,858438813.5
1445111,,8,3944,4158,31400,8,High,1573869544
300856,,29,4569,3414,20111,9,High,1009550965
611431,,13,425,5059,5524,5,Low,276789458.4
929982,,24,3183,9040,96795,6,Low,4842806524
501280,,18,693,2506,21605,5,Low,1081022923
931135,,40,2831,2085,67331,8,Low,3369292260
438942,,30,1842,2580,91892,4,Medium,4596329380
366010,,21,4202,780,55523,4,High,2779854274
1739021,,37,965,2460,8860,10,Low,444439497.4
1420739,,12,3684,7225,88501,4,Low,4428698161
102989,,28,1542,8834,57173,2,Low,2860022191
589830,,47,4748,5982,92176,4,High,4613062836
573975,,34,4923,9756,9453,6,Low,477063911.3
317226,,24,4708,789,91387,4,Medium,4573467682
435986,,9,3753,1274,52963,7,Low,2651496910
1421404,,47,2046,961,50664,3,Medium,2535444634
850097,,50,2124,5906,46780,2,Low,2341123699
1260348,,47,1938,5913,9598,5,High,482008844.3
1655838,,46,2785,2199,29790,8,Medium,1492457811
513578,,5,4297,1363,26239,6,Low,1315786210
1682982,,22,3329,1776,29212,3,Low,1464025774
1634758,,48,4069,5572,43677,6,Medium,2187900505
1429514,,34,2026,2662,74110,6,Medium,3707733165
1527176,,2,957,4058,88344,1,Low,4418558347
1583054,,5,2871,7475,34593,1,Medium,1732663706
75416,,35,1056,3756,96976,9,Medium,4849737586
113987,,8,1067,7746,91443,10,High,4573117170
1136837,,24,2226,495,77929,1,Low,3898744110
899469,,50,2954,2399,78276,2,Medium,3916637712
1756543,,10,524,6227,60024,2,High,3002276958
902229,,7,4635,4429,39405,2,High,1974517443
1819205,,10,3665,5131,93826,5,Low,4695065999
307939,,26,3484,336,80000,3,Low,4003073139
412832,,35,603,4857,45705,2,Low,2285923384
72197,,23,590,5068,65578,8,High,3279442199
68568,,33,3066,1194,59221,8,Medium,2963687044
292433,,23,2032,7276,9322,2,Medium,467950501.6
815542,,39,2696,3356,18517,3,Low,928440109.7
1275684,,48,4082,6851,29779,6,Low,1492889077
1356283,,25,479,405,47040,7,Low,2352885862
1738740,,1,1640,7078,34940,6,Medium,1749020374
1175241,,34,2270,121,38804,8,Medium,1942545217
287215,,38,4248,9280,9676,3,High,487539085.3
169942,,39,3616,7457,34126,9,Medium,1709456402
1219523,,28,3847,8667,89598,4,Medium,4483621811
743804,,34,3000,1238,22102,4,Low,1107917506
531827,,43,4845,1685,84294,5,Low,4219013762
1746304,,36,1213,5443,2480,7,Low,125660183.9
1287879,,26,889,3181,68263,6,High,3414367480
1064694,,16,4465,3054,62210,4,Medium,3114677448
1963587,,30,4885,5560,58295,4,High,2919607005
381016,,47,4200,4223,88369,8,High,4422169553
472587,,49,2755,9196,81866,1,Low,4095836025
1500435,,11,4702,7389,10596,10,Low,534341644.8
821510,,43,4394,6023,45434,3,High,2275742646
704221,,45,337,4081,90040,5,Low,4502548530
166574,,45,1561,9209,13543,10,Low,678563573.4
1191294,,15,4292,6606,81250,3,High,4066583468
1665482,,6,326,2624,39582,1,High,1979967299
1002378,,48,2992,710,92783,9,High,4642051567
1628175,,38,909,544,56209,7,Medium,2811798431
54304,,50,3912,5369,53635,1,Low,2685113629
1140421,,49,4372,9880,50688,2,High,2538545927
554317,,7,3294,5198,30232,4,Medium,1514607746
592305,,7,3135,3075,69775,5,High,3491630584
1498873,,39,1242,7186,77721,1,Medium,3887652951
643672,,41,751,4771,12153,2,Low,608530482.7
1682667,,43,4097,9180,83767,6,Medium,4192449493
666654,,14,1884,4299,91512,4,Low,4577447156
1388230,,31,1077,6337,87611,1,Low,4381970893
204613,,4,2308,9649,2166,8,Medium,110358017.1
629180,,1,2756,5537,27753,7,Medium,1390226776
199037,,7,1132,3768,99220,5,Medium,4962042123
887384,,30,4136,4308,54134,2,Low,2710540554
1131160,,31,2729,2901,91483,6,High,4576876529
1188260,,4,4850,3894,57194,4,Low,2864248606
956646,,42,3523,3531,18264,1,Medium,916543243.6
964281,,7,4749,3678,97598,1,Medium,4884284183
796947,,27,3630,6135,90140,6,Medium,4510383009
1007946,,4,4065,5943,17457,7,Medium,876673368.6
1384699,,5,950,7918,42163,2,Medium,2109462540
1519110,,11,3356,6105,45680,2,Medium,2287400871
1984692,,15,913,5406,10496,10,High,526286007.2
1852019,,10,3884,9260,59482,7,Medium,2978073957
1218167,,41,4810,3659,77393,8,Medium,3874178926
917312,,17,2317,118,20914,2,High,1047992844
459759,,39,3336,894,10766,1,Low,541303430.7
961394,,24,3504,1616,58058,7,Low,2906221808
1854165,,44,3149,5348,15565,5,High,781594257.8
1637449,,35,3059,5370,34513,5,High,1728840882
722829,,32,4813,6692,45245,5,Low,2266614610
1078106,,19,4334,6341,96347,4,Medium,4821429370
526919,,9,3279,2068,91962,5,Low,4601077822
945702,,6,3988,7441,16636,8,High,835540118.2
1830513,,24,1067,3750,74191,8,High,3711109885
1176222,,42,389,7228,65711,6,Medium,3286315438
1499710,,16,4548,8987,22217,4,Low,1115265086
1012981,,14,4061,484,34746,8,High,1741109283
1296248,,18,4945,5498,57530,3,High,2881172842
1239884,,44,2569,8621,33373,8,Medium,1671294442
1524141,,5,536,4413,73246,8,Medium,3663300682
1085909,,48,1437,143,1446,2,Medium,73907635.65
1653789,,37,2577,6426,99667,5,Low,4986139781
1185678,,39,522,7436,55565,1,Low,2779131957
462188,,26,521,3343,84439,8,Medium,4222566093
498152,,34,1018,8481,63443,2,Medium,3173214936
1630703,,15,4882,5188,63719,2,Medium,3190685216
1742664,,32,776,6294,17897,3,Low,896139107.4
1010941,,7,849,4016,29337,5,Low,1467936359
1193853,,29,1757,8212,15745,7,Low,789185308.6
1904439,,13,3835,9613,30703,2,Low,1539101896
133224,,17,1729,8900,31368,10,High,1569940568
69894,,25,531,6095,33499,5,Medium,1675444050
941531,,21,1359,5823,68628,6,High,3432901763
843956,,32,3692,8358,47140,9,High,2360458320
809965,,45,2808,8091,10218,8,Medium,513595915.3
890723,,28,392,7171,63235,1,Medium,3162416241
721975,,28,2286,4041,55404,10,Low,2772409254
382798,,22,377,3632,11526,2,Low,576766149.3
53619,,35,799,8876,42202,1,High,2110824307
1743632,,1,4575,9887,29152,6,Low,1462123859
609117,,8,3870,6475,79135,2,Low,3960269838
1084096,,11,2068,9660,16257,5,High,815012703.6
1361812,,35,2568,3407,51213,3,Low,2563322152
1767697,,16,1757,9451,16727,7,Low,838487691.5
583269,,9,2418,3837,97984,6,Medium,4901470117
1475825,,30,2968,9788,75546,9,High,3780367409
1011125,,41,2002,8957,50797,5,High,2541932906
1536107,,42,1584,9272,3718,8,Medium,187812257.5
1368329,,12,1825,2897,48014,3,Medium,2402738848
1520143,,8,3390,6296,8747,3,High,440780250.1
84329,,40,1356,495,45854,5,Medium,2293888153
260485,,38,1700,8811,74575,9,High,3730312757
300486,,47,2268,474,3846,4,High,194339795.1
421349,,32,694,4250,77502,3,Low,3875851837
1062429,,13,1592,1537,47663,3,High,2384880453
1227637,,5,1236,9178,11068,4,Low,554903818
85813,,26,216,6651,95433,8,High,4771883382
632980,,31,3653,4346,23521,9,Medium,1179391178
1188809,,50,784,5398,5533,5,High,277751978.2
1158108,,35,842,912,89417,7,Low,4471977518
734805,,39,4962,2857,73731,7,Low,3691036704
681562,,9,4507,4932,60734,5,Medium,3040782907
671852,,33,4846,1521,78510,7,Low,3929862011
1126297,,38,2254,2233,92656,5,Low,4635120246
1547881,,1,3244,8496,54882,7,High,2747420518
1836755,,31,4236,9925,1190,5,Medium,63771996.75
889620,,23,1460,3234,37240,10,Medium,1863563212
787643,,26,3675,807,67197,5,Medium,3363254563
1750574,,45,1598,9458,14860,4,High,745000045.9
1727283,,2,1127,3744,23589,4,Low,1181022099
1644922,,26,3052,7680,86721,1,High,4339242243
726996,,4,3093,5223,64708,5,Low,3238297036
1644724,,39,3287,9914,78525,5,High,3929649068
488284,,3,1304,3677,37548,9,Low,1878688852
1996211,,43,1548,833,78959,10,Medium,3949971716
1007747,,12,747,4067,10164,5,High,509199269
470094,,32,1190,234,27740,10,Medium,1388180458
394448,,45,4870,8409,74142,3,Low,3711403979
1625172,,20,1894,7867,76497,9,Low,3827050778
1244624,,7,3619,8321,79747,7,Medium,3990883411
397985,,21,1409,6351,69277,9,Medium,3465205342
1952284,,3,3114,2636,61992,9,Low,3102937149
1164686,,38,1127,8180,51605,5,Medium,2581640600
1769535,,4,4735,1642,41595,4,High,2084398672
1619302,,2,587,6204,14101,10,Medium,706131455.7
368829,,24,2574,1623,67984,4,Medium,3401523928
697123,,14,1890,410,46923,4,Medium,2348003198
1008659,,27,2797,6054,16290,4,High,817248855.7
1487385,,23,3008,2166,32201,1,High,1613135560
645420,,17,1497,7870,54125,5,High,2707770062
1892642,,14,2113,1073,19603,2,High,982612837.2
973795,,32,812,6693,25931,7,Low,1297601601
1208061,,6,3085,8225,18402,10,Low,923166353.9
55174,,37,2266,641,63053,7,Low,3154601453
988557,,1,2302,473,24565,8,High,1230553997
511333,,21,4962,9620,45187,5,Medium,2263773237
268114,,4,3082,8813,82094,1,High,4107436052
1968848,,38,3188,2388,92546,6,Medium,4630709427
1573085,,7,4890,324,1722,3,Medium,90808729.75
264833,,2,4413,1735,55623,5,High,2784998319
1720017,,41,1000,6779,32847,1,High,1643823873
950236,,22,3457,102,18471,3,Low,926823927.6
562449,,48,1761,3879,53438,10,Low,2673609165
607753,,19,1545,7816,68017,3,High,3402397784
1951074,,42,2280,6867,76399,7,Low,3822593083
705341,,50,3547,8915,62429,10,Medium,3124740107
1481124,,49,3999,7436,10356,7,High,521742013.4
1435785,,3,1565,8597,94099,5,Low,4706804627
1703927,,18,2659,2956,52894,5,Low,2647566074
867952,,16,497,546,12752,3,Low,638329518.2
1123029,,41,3383,2849,80573,3,High,4031930653
282906,,15,4554,797,25789,8,Low,1293423710
966053,,14,2417,4260,78702,8,Medium,3937504899
852212,,38,393,8951,92499,1,Low,4625609262
1631380,,30,1390,5016,94852,1,Low,4744368623
1738438,,17,4996,176,99536,3,Low,4981657533
624378,,48,871,7784,3025,9,High,152234102.3
1704825,,18,3859,786,86307,3,High,4319230964
1849514,,1,337,1283,87237,3,Low,4362787107
1050801,,40,2954,4734,28832,3,Medium,1444495315
281200,,11,4952,8439,70590,7,Low,3533830038
1668363,,13,3453,3868,28885,4,Low,1447780207
544132,,4,1072,4805,17385,2,High,870364138.7
947854,,31,2334,1315,39744,9,Low,1989522656
390361,,35,2210,4164,79297,2,Medium,3966879736
1108265,,11,2443,1125,80300,2,Medium,4017468575
1010885,,10,2126,4750,91350,2,Low,4569673985
525814,,15,1180,8116,8658,3,Low,434109124.9
1402339,,47,1640,1927,53923,8,Low,2698045276
1666884,,38,447,1697,10805,7,High,541222161.9
1262401,,36,2294,8795,75035,1,Medium,3754168048
436350,,12,743,6906,36873,6,Medium,1844452978
1007625,,34,2965,538,64122,6,Medium,3208978344
878644,,35,3460,3255,31584,2,High,1582460863
1100874,,21,633,7431,20132,5,Low,1007544453
1707184,,50,4918,9369,89611,5,Low,4485357237
282255,,48,3823,1771,17881,5,Medium,897408526.8
1064316,,21,3185,9996,15230,5,Low,764607270.6
688655,,43,3646,9640,82313,4,Low,4119019389
1729895,,46,4641,7130,89666,4,Medium,4487873658
335729,,18,2664,1370,23445,5,Medium,1174637490
696419,,26,4328,2479,25377,8,High,1272781864
786822,,39,718,4711,21865,9,High,1094152145
115591,,4,552,7469,55999,9,Medium,2800478809
915971,,41,4132,1857,89219,1,High,4464792352
1448559,,46,3104,997,20623,2,High,1034303408
1512334,,8,4891,6174,19672,10,Low,988303061.9
1071758,,15,4505,7779,13786,9,Medium,693525612.8
917180,,30,4377,3350,76820,6,Medium,3845053438
135100,,34,2804,5313,90868,9,Low,4545848048
241690,,19,1799,5401,30765,2,Low,1539879524
71228,,32,2212,7911,45013,10,Medium,2252578747
1268495,,34,4044,1244,89029,4,High,4455338563
860902,,4,3323,4564,70101,4,Low,3508187756
913135,,3,4527,157,89435,1,High,4475918300
1766502,,42,657,8873,44933,1,High,2247853948
536726,,38,2498,2765,99821,4,Low,4993372627
1295401,,45,1732,1235,12088,3,Medium,606334077.9
1802151,,37,4538,7385,53057,2,Medium,2657360955
264734,,25,326,948,20297,4,High,1015225127
618310,,29,4617,1002,41143,3,Low,2061296844
1691002,,38,2813,5656,48773,3,Medium,2441651601
1040414,,34,2244,7156,42098,7,Low,2107193515
114288,,23,383,9054,3670,8,Low,183890945.8
121897,,37,306,5841,20742,6,High,1037421806
74100,,36,3542,1256,49023,9,High,2454194095
848308,,2,1655,1545,71012,6,Medium,3552307760
1417397,,48,4751,4471,91348,4,Medium,4571951376
162170,,40,2576,990,81678,5,Medium,4086153635
936084,,27,3442,8912,23071,2,Medium,1156828849
1290116,,26,1316,1980,19885,10,Medium,995828210.6
705236,,6,3878,8864,72488,5,Low,3627966013
282290,,7,2910,3498,21181,9,High,1061631887
1378447,,24,2120,9271,61529,6,Low,3078760514
543666,,2,4580,617,3530,7,Low,180585065.6
1726604,,11,1113,9367,73669,2,Medium,3685025099
226660,,27,3470,2336,65630,2,Low,3284537911
708935,,5,4050,7708,58951,3,Medium,2951260497
247829,,32,465,7932,10738,2,Low,537405660.2
402389,,24,3724,4811,45551,2,High,2280871144
386254,,37,3753,5712,99379,8,Low,4972293959
380773,,19,530,599,7996,4,Medium,400387548.1
766012,,32,3374,3273,64263,9,Low,3216298027
433431,,25,4771,8367,89481,5,Medium,4478280968
687703,,31,2020,8770,60138,4,Low,3008883341
758404,,32,2815,2241,94413,2,Low,4723317634
1856147,,30,2165,6496,98862,4,Low,4945609741
1939178,,36,820,6662,95215,5,High,4762146687
1537475,,22,3721,6191,76649,3,Low,3836169084
341212,,23,2279,5359,70135,9,Low,3508822732
314281,,50,4418,391,86473,7,Medium,4327522276
1933254,,5,2314,1491,54754,8,Low,2740347866
85170,,20,862,4766,63978,3,Medium,3199676825
1091908,,26,4855,2771,53690,2,Low,2689018965
1102716,,45,2191,787,30221,4,High,1513305668
1405612,,29,573,3719,42038,1,Low,2102891792
1847904,,50,1438,3192,50447,10,High,2524233046
1861229,,45,3697,7361,21791,8,Low,1093367683
405558,,29,4462,8000,29746,4,Low,1491258125
136332,,10,2664,5807,14888,10,Medium,746727833.7
730543,,37,3731,6971,93248,10,High,4665848908
1129534,,23,1600,6532,68074,10,Medium,3405474427
400650,,1,1408,8610,9291,4,High,465908672.5
453338,,38,2333,3011,42475,7,Medium,2125903806
1725261,,27,2986,7001,30319,1,Medium,1519112684
652125,,19,4464,8406,6088,6,Medium,308445938.8
295817,,36,514,7383,5858,9,Low,293463213.5
1888768,,45,396,1644,87921,3,Low,4397057179
1288085,,7,2896,2354,33317,4,High,1668769155
443860,,48,682,6102,78960,7,Low,3948756066
188169,,45,309,8589,64812,8,Medium,3240955382
1306015,,31,2479,685,99409,4,Medium,4973019688
78962,,23,1200,6049,36750,8,High,1838565519
826134,,32,4907,2563,82742,7,Low,4141570344
1334004,,21,1448,9568,98645,3,Medium,4933974141
1271526,,49,3626,9427,43187,3,High,2162906582
990459,,23,2129,3968,83319,4,Low,4168118991
1195885,,45,1799,7088,40714,1,Low,2037670830
752137,,43,4201,3599,65238,6,Medium,3265748255
1381531,,20,2932,8242,70514,9,Medium,3528698741
172034,,43,2881,1939,54552,1,Low,2730119069
1152832,,11,2627,9451,82263,9,Low,4115811389
1359331,,23,1806,544,36245,10,Medium,1814264986
51826,,26,4513,7289,51712,7,Medium,2589475532
1268071,,23,3263,8615,13160,3,Medium,661241672.4
842850,,45,3151,8255,74661,6,Medium,3736049385
400164,,49,4678,4248,49206,4,High,2464432857
1174146,,50,553,5751,63789,5,Low,3190351379
538621,,23,4606,6392,28772,8,High,1442722357
1188987,,15,3524,6911,60270,6,Low,3016930623
1203315,,18,2669,9058,79180,9,High,3961714615
395155,,42,1426,8638,37670,3,High,1884877039
319518,,5,3120,3773,48622,9,Medium,2433873864
352551,,33,1889,8931,49817,5,High,2492605330
507599,,35,1815,2728,11810,5,High,592231429.7
600771,,48,4391,6027,7313,7,Low,369613447.4
1348437,,44,460,6793,71501,1,High,3575935215
754766,,39,810,4970,20718,3,Low,1036869773
145864,,8,3996,5394,89679,2,Medium,4487412097
1058926,,14,2871,1037,54080,6,Low,2706815247
285682,,40,2387,9725,46229,8,Low,2313608051
1369348,,19,988,7913,62746,7,Low,3138641134
1903098,,9,2995,3944,71490,10,Medium,3577722774
383036,,40,4299,3310,23039,8,Low,1155751288
368765,,8,784,1461,25251,2,Medium,1263350080
864914,,12,4720,960,24593,7,Low,1233968560
452051,,3,1146,2981,48572,1,High,2429740130
801802,,21,1012,4410,30419,10,High,1522104376
1146357,,49,3398,7703,30262,10,High,1516414662
1937040,,43,2713,934,99782,7,Medium,4992091509
308147,,31,2514,2668,56389,10,High,2821705141
527909,,44,1059,1649,57046,9,Medium,2853394321
349131,,47,697,6833,85675,4,High,4284487368
51668,,30,770,7189,77729,2,High,3887144156
1367164,,40,3444,947,37905,5,High,1898663075
1816234,,4,3136,3281,21007,4,Low,1053659964
456791,,38,3262,5676,93064,2,Medium,4656151327
1239374,,2,4965,498,92981,10,Low,4653705516
1487617,,41,4402,5023,95998,1,Medium,4804179843
137394,,21,1563,1638,7408,2,Low,371783252.9
1229548,,19,631,3714,52879,1,Low,2644928257
764865,,42,3521,426,97058,6,High,4856166658
1855916,,21,1910,2565,59235,1,High,2964032003
683611,,24,448,268,43274,8,High,2164323614
279104,,24,1226,7832,45663,5,Medium,2284312246
553594,,26,3019,6681,95090,1,Medium,4757279730
1058774,,40,1342,9910,11776,9,High,590340845.9
1386511,,36,2155,8526,22282,9,High,1116442664
1478951,,7,4731,6329,34693,10,High,1739205645
617976,,41,2170,3033,33801,6,High,1692123294
208584,,50,3098,2666,7335,4,Medium,369468969.4
1529356,,30,292,5251,41076,1,Low,2054600202
791214,,25,4968,8244,75970,5,Low,3803023335
1596583,,19,3761,330,36067,5,Low,1807108759
633292,,30,3707,5225,45774,8,Low,2292089265
1080155,,13,2805,8648,54156,6,Medium,2710585484
971535,,23,642,1550,76379,3,High,3819842372
102420,,40,1137,4725,61837,3,Low,3092868910
601158,,5,3179,8651,40217,5,High,2013784783
712296,,7,4010,6426,95529,1,High,4780124709
1424378,,26,497,3337,30478,1,Medium,1524832445
1858987,,43,3006,9194,45184,4,Low,2262433890
566222,,47,211,5454,70512,4,Medium,3525996803
1340056,,35,315,7491,24873,7,Medium,1244409697
1213401,,32,2544,8410,22355,8,Medium,1120361955
1340544,,32,3850,5842,54410,9,High,2724260135
1675397,,23,3170,3766,6969,10,High,351743064
341532,,47,4894,1301,31088,5,Medium,1558688329
578460,,26,4532,8384,41582,1,High,2083178741
1263774,,39,4141,3350,33462,5,High,1677075226
1557360,,14,1567,8413,94632,4,Low,4733499739
183036,,41,2235,7757,60975,9,High,3050738125
376411,,20,3224,7223,48469,10,Low,2426342601
718347,,39,479,7305,54262,2,Medium,2713781514
258562,,21,4935,9463,35575,3,High,1783061424
896864,,14,3212,4139,24122,4,Low,1209156130
205258,,46,1598,7501,38045,6,Medium,1903704413
1599211,,8,1028,1560,99528,1,High,4977838384
1517130,,10,819,9485,71225,9,Medium,3562502058
579336,,8,3198,7148,51197,8,Medium,2562789898
1917338,,13,3414,6145,55559,10,High,2781539891
1504685,,17,2963,8812,65100,4,High,3258069260
1967890,,41,3233,2641,55187,9,Low,2762798334
1078666,,30,3677,2161,28091,5,Medium,1408061986
1620749,,17,1012,6043,38853,8,Medium,1944094610
341081,,21,748,1435,29045,3,High,1453011286
1832810,,7,2084,1138,75076,10,Low,3756216569
1999746,,33,435,9382,17758,6,Medium,888997076.1
1161450,,20,1906,1860,77066,3,Low,3855333658
1178662,,24,4609,1623,25844,3,Medium,1296537119
799452,,31,1233,7051,81237,4,Low,4063199206
1428457,,19,4696,1495,45361,2,High,2272547577
1329383,,48,1236,8797,61437,4,Low,3073393637
85734,,12,3136,351,30063,2,High,1505847924
496619,,35,882,6064,87461,4,Low,4373992877
997515,,41,2373,8377,8536,6,High,429192042.8
1269029,,39,1227,7540,36522,9,Low,1827610640
515911,,18,4066,5338,24461,5,High,1226702174
66800,,4,4026,5253,14000,6,Low,703459092.5
91465,,15,4221,8996,71245,10,Low,3565894153
1445234,,19,2920,1320,76611,10,Low,3833543412
1796745,,17,3522,4948,40169,6,Medium,2012086971
1668257,,49,1675,685,17501,3,High,877065232.5
60046,,25,1119,2170,44418,2,High,2221880591
1616754,,28,4171,4288,40922,10,Medium,2050225294
1279428,,22,4785,1631,10717,3,Medium,540371767.3
1178361,,31,3598,8383,17512,4,Low,879095403.9
750900,,4,2098,8510,59058,6,Medium,2954967870
1334869,,13,4064,6774,24397,4,Medium,1223790099
1359546,,2,4401,9138,71766,10,High,3592539776
1652166,,39,2224,2852,56267,10,Low,2815830468
453711,,43,3773,8780,42239,4,High,2115342959
1903477,,41,3589,7124,39179,6,Low,1962689597
1286254,,47,4753,7559,57146,3,High,2861814776
629989,,32,3998,5828,88553,7,High,4431287206
631488,,9,3785,660,20483,10,High,1027591001
579751,,50,4735,4897,35705,5,High,1789495905
136753,,18,3535,4249,87254,6,High,4365765396
1937522,,38,4804,2338,78876,3,Medium,3948571938
1103093,,37,1425,4538,4357,7,Medium,219463117.6
852668,,3,2308,5777,21254,10,High,1064975036
501328,,18,3770,6659,39139,10,High,1960348772
1056863,,23,3644,3443,55469,7,Medium,2776928670
681949,,28,3106,4157,58128,5,Low,2909292535
1767490,,34,2790,2177,24412,1,High,1223599644
683719,,36,2764,8503,70744,8,Low,3539814279
430628,,14,1628,6537,57345,3,Medium,2868802542
712354,,7,3109,4799,99269,4,High,4966354811
1133398,,20,1975,1865,83181,7,Low,4161132502
859685,,37,2862,2654,46215,10,Low,2313494665
1965939,,18,1577,9279,27943,4,Medium,1399203886
1667495,,2,855,5863,91251,8,Low,4563875271
933452,,18,4180,2657,94487,9,Low,4728238511
1970821,,18,3754,368,79074,2,Low,3957583767
499019,,23,2254,4763,40427,7,High,2023455224
1489804,,40,1445,4697,71804,7,Medium,3591966224
91819,,32,1464,9355,13591,10,Medium,680853764.2
1605421,,47,1664,1743,34263,7,High,1715136295
1082388,,31,2428,8998,32941,6,Low,1649518851
1582423,,12,4957,2828,6990,3,Medium,354275808.1
608093,,28,3082,8581,55536,2,Medium,2779657345
1466731,,48,3210,4501,59151,5,Low,2960808868
1929472,,25,2193,7411,69195,2,Medium,3462310893
1464169,,4,3060,848,53761,8,High,2691166059
1291584,,32,4769,1495,86803,4,Low,4344663282
1306656,,47,430,1293,13710,6,High,686331702.1
1293679,,19,297,7889,13294,9,Medium,665427240.2
1301108,,46,2573,2141,37289,6,Low,1867103310
1057455,,9,1592,6052,24629,10,Medium,1233189519
1798837,,45,3340,7339,21846,10,Low,1095792340
1991000,,18,2259,9534,80271,7,Low,4016192995
829102,,47,462,341,87924,5,High,4396889378
68352,,5,1195,5545,53101,6,High,2656104136
71467,,32,3055,3548,34743,4,Low,1739784473
1824432,,9,2927,1754,31738,6,Medium,1590031966
808300,,14,4909,4480,31321,5,Low,1570518435
1200836,,18,4667,9507,27186,9,Medium,1363713170
1685896,,35,239,6186,54608,5,High,2731212879
1396636,,9,1241,7840,77564,1,Low,3879764353
992263,,33,4044,8380,25050,8,Low,1256309602
1873306,,33,1990,9738,65654,8,Low,3285075462
919168,,34,1406,9380,47975,6,Low,2400294339
166400,,6,3776,8868,41480,10,Low,2077290730
963823,,45,3408,4410,48244,7,High,2415450563
931806,,25,816,702,25404,3,Low,1271224487
493599,,44,1705,5962,97880,9,Low,4895642195
1483365,,13,2283,6664,88186,5,High,4411777948
1253567,,37,513,326,76564,1,High,3829080053
1768235,,41,3332,6716,76828,9,Medium,3844872792
508803,,50,922,598,14510,4,Low,726469276.1
793697,,22,2121,8966,78610,4,Low,3932605699
715895,,43,1268,3821,52941,9,Medium,2648393076
555296,,50,4808,661,40939,10,High,2051238806
823555,,6,1926,3792,1569,1,Medium,80385544.25
1247358,,31,4513,9760,2039,10,High,106250745.3
1975344,,41,2520,5548,27103,1,High,1358002160
326811,,27,2287,5211,63030,10,Low,3153574601
1381881,,48,2808,349,81599,8,Medium,4082827091
138813,,35,4008,8389,27808,4,Low,1393880557
1801825,,8,883,5539,8524,2,High,427595996.3
1077397,,16,4243,7573,71249,1,Medium,3566454491
830474,,14,1718,853,23985,7,Medium,1201004778
1237343,,27,4472,9404,78608,6,High,3934661020
1925606,,38,2396,3334,34724,3,Low,1738923457
1491286,,30,738,3796,36470,4,Medium,1824662340
200213,,38,1756,9509,73515,3,Low,3677341007
1820974,,33,4641,500,17295,5,Medium,869337400.9
1309820,,43,1841,1053,51371,3,High,2570581080
744058,,24,3742,6181,14833,3,Low,745109452.8
1942726,,38,2909,5829,56449,3,Medium,2825621737
1473695,,34,3173,3418,47939,7,Medium,2400175468
1151984,,8,3053,8590,32933,1,High,1649670679
1323630,,32,3964,3502,21225,8,High,1065095266
1548923,,17,284,2826,52367,3,Low,2619142628
1271232,,13,2898,5075,10998,10,Medium,552822478.7
820302,,14,3173,1083,73244,4,High,3665188543
423286,,7,1313,1004,36877,1,Low,1845117550
1767490,,27,1937,6674,8650,6,High,434784996.5
437607,,29,1739,2289,59109,6,High,2957090515
1463855,,44,3455,8320,89664,4,Medium,4486675179
705148,,45,4125,2609,91126,2,Medium,4560064974
1406546,,24,3024,1489,67173,3,Medium,3361719294
703550,,28,4054,8050,63415,7,Low,3174465628
940040,,28,1532,3942,32705,8,Low,1636894429
602800,,50,4151,140,87611,6,Low,4384295680
591752,,25,3295,9479,14826,4,Low,744334560.7
403826,,13,4806,5458,34389,2,Low,1723691644
693716,,5,4010,4332,10607,5,Medium,534012730.6
1597830,,2,3523,7943,16957,4,Low,851423888
1072353,,46,899,5709,72279,8,High,3615109266
1491701,,5,253,6444,15602,5,Medium,780853855.4
621390,,41,847,5507,59083,10,Medium,2955106124
1900777,,22,4296,2177,47098,8,High,2359224954
284013,,6,3658,5961,40819,6,Low,2044174327
146948,,2,2991,7634,5701,4,Low,287663106.8
1207172,,49,599,4962,22261,10,Low,1113999945
902697,,41,1465,8875,40421,6,Low,2022638301
1190817,,28,3456,7734,57071,7,Medium,2856927081
1548668,,6,1825,4219,67647,1,Medium,3384454551
560263,,37,1626,8335,13705,10,High,686853469.6
405147,,23,459,3279,93984,6,High,4699742909
366061,,33,3290,3237,56053,3,High,2805586674
1118298,,20,4235,1016,34432,1,Medium,1725596094
1358601,,2,1760,7210,25047,4,High,1254339775
1110845,,22,777,5028,99880,2,Low,4995064456
857971,,37,2904,4776,3635,1,Low,184535069.9
1202099,,48,1147,1634,93039,8,Low,4653355530
1084959,,34,4299,8690,98672,3,High,4937659691
1005590,,16,4552,901,32360,6,Medium,1622225329
1005461,,40,3904,9357,71531,5,Medium,3580248504
707230,,26,668,8645,47216,4,Medium,2361640063
757824,,38,533,2059,82029,4,High,4102177996
1714551,,45,3162,7745,50306,4,High,2518612555
1267280,,28,4872,9846,69068,4,Medium,3458012723
1936370,,24,3031,1580,52424,7,High,2624460910
1438134,,25,1753,2658,27980,7,Low,1401003042
304246,,18,1667,2777,60663,3,High,3034682539
1113508,,24,2760,1823,94033,3,Low,4704393165
1591162,,47,312,7565,21790,5,Low,1090346659
1895773,,42,515,4125,62895,9,Medium,3145866623
1184220,,43,1587,4057,87097,4,Low,4356628730
1659926,,34,1623,6822,98891,9,Medium,4946531659
250114,,28,3364,4783,48987,5,High,2452312257
690028,,2,4309,2786,14601,8,High,733961364.8
1160416,,12,2361,5018,1182,5,High,61526980.6
1658257,,31,4282,6594,37198,9,High,1864140295
921400,,30,1040,6849,85028,10,Medium,4252627213
1098583,,6,1519,2278,20444,10,Medium,1023882069
1601375,,37,3098,2966,16662,1,Medium,836305636.3
470862,,28,437,2299,43218,2,High,2161445359
1754339,,16,1869,8415,5920,4,High,298225626.2
394419,,50,4843,6244,27631,10,Medium,1385826207
89234,,10,2719,236,78906,9,High,3947644172
1385681,,2,3874,8012,32138,9,Medium,1610698158
1028316,,11,4630,6543,37104,1,High,1859513088
1582799,,37,4030,2678,92787,7,Medium,4643340615
1811110,,29,880,1129,24714,5,High,1237088191
343963,,11,2288,5630,11909,10,Low,597530582.1
1391471,,41,4911,7193,73196,6,High,3664484267
867678,,5,4654,9666,64531,6,High,3230834352
1273398,,29,3076,2867,2106,3,High,108370936.8
92859,,12,3557,2549,65824,5,High,3294263763
892481,,23,4116,8947,63175,9,Medium,3162586096
936585,,43,4142,4248,64387,6,Low,3223214285
1362152,,29,3939,9053,42238,3,Medium,2115751016
481308,,11,1146,6101,5390,6,High,270659130.3
534070,,17,635,7596,39038,2,Medium,1952647705
1298738,,39,4465,4000,88348,8,High,4421664488
563586,,27,4749,7767,76108,10,Medium,3809656563
1940225,,49,2169,6520,68410,4,Low,3423044909
844752,,26,4116,1687,59644,2,High,2986001601
1747315,,40,1211,5127,31721,10,Low,1587708528
1121272,,19,4128,1048,97631,2,Low,4885456145
946008,,35,2967,3958,37931,8,High,1899417148
1932087,,29,4408,7566,59096,1,Medium,2959245425
593001,,26,1210,262,94810,8,Low,4741739825
1231780,,43,4762,2186,49936,9,High,2501289448
71912,,3,1905,3843,11666,10,Medium,584954386.7
1259615,,3,4147,3509,79400,1,High,3973974948
915453,,43,2260,9354,44598,8,Low,2232169954
241801,,11,3858,3337,18949,10,High,950823592.9
1454845,,9,3610,9306,23162,9,Medium,1161702041
478289,,27,4694,246,78017,1,High,3905011156
856709,,1,827,3245,82668,8,Medium,4134411031
1290742,,2,2573,2681,13676,6,Medium,686445752.2
1530415,,28,3258,6764,85941,6,Medium,4300375215
1541553,,32,2538,2401,9650,10,Low,485206686.1
1975594,,32,736,9217,49487,5,Medium,2475693940
1920900,,32,3733,7060,68447,8,Low,3426216855
1524795,,28,2845,3084,70177,7,Medium,3511812998
976771,,41,4150,787,78337,9,High,3920726257
351881,,2,616,1871,41179,1,High,2059601676
1389120,,20,3176,4339,81270,7,Medium,4066699040
1060315,,23,2565,8788,31649,10,Medium,1585026090
1874749,,34,4722,4160,28612,10,Low,1435284342
506960,,4,1125,8553,81560,1,Medium,4079155549
1918517,,8,4017,7892,99197,2,Medium,4963956621
1462511,,41,4151,2470,40778,2,Low,2042951324
775864,,8,927,684,79668,7,High,3984462172
1122415,,1,583,2160,18129,1,Low,907343915.3
1633142,,37,393,7736,46739,8,Low,2337879430
387453,,18,2505,1194,34071,10,Low,1705820004
1856579,,38,1270,916,46537,2,Medium,2328586153
256819,,46,2116,5770,81935,4,Low,4098658432
311998,,9,3264,6528,52219,1,High,2613850999
1223466,,42,2869,3401,43479,7,Medium,2176830406
365909,,43,784,4625,7280,1,High,364811190.7
1760266,,6,878,131,31264,3,High,1564563441
1620559,,29,4428,3141,34872,3,Low,1747942328
1524311,,49,2728,7656,14565,2,Low,731127328.9
1610346,,5,3665,7735,93038,3,Low,4655598809
1717163,,1,1074,9146,8235,10,High,413286892.1
1508004,,4,1273,1093,37250,1,High,1864113064
1567458,,12,4937,3346,44731,5,Low,2241304865
220559,,15,717,5667,28190,1,Low,1410202613
1653209,,7,4123,9477,74732,9,Low,3740707706
130078,,18,593,6660,80018,7,Medium,4001468387
1610544,,21,2102,3680,25988,3,Medium,1301762110
1151769,,29,4638,336,30945,10,High,1551599739
1848431,,1,376,7695,91660,8,Low,4583985908
374915,,42,3234,1082,6126,3,High,309187865.3
103759,,3,1440,3119,36317,1,High,1817118473
1002326,,8,3946,8220,59402,7,High,2973826424
959883,,48,1431,8351,53836,10,High,2693378947
738329,,40,2136,3299,51470,2,High,2575587063
708519,,45,4249,9401,45683,6,High,2288038534
507825,,29,546,1191,73290,10,Medium,3665148296
1383031,,8,3848,3857,74431,3,Low,3725315463
1816703,,37,1673,7377,91723,1,Medium,4588230779
1970187,,26,697,247,76983,4,High,3850435753
605166,,50,352,6678,72639,5,Medium,3632483703
1845666,,32,3918,2951,77964,8,Medium,3902187501
1750168,,16,1263,6471,89361,3,Low,4469754206
575761,,28,2604,8733,94955,4,Low,4750190109
1591981,,45,3407,9424,10784,5,Low,542682103.4
1068028,,18,3183,997,10384,9,High,522284012.3
317119,,17,3396,1828,72313,4,High,3618654202
680403,,10,3854,330,38637,4,High,1935366066
1250084,,21,1213,5858,17561,10,High,879535744.4
1916273,,31,4096,879,16916,1,Low,849958213.1
1377183,,1,1499,6083,19251,7,Medium,964321491.6
1206395,,11,291,6361,58600,3,Medium,2930686811
564220,,39,4915,3813,29076,2,Medium,1458189440
1883456,,23,966,8244,5022,1,Low,252603679.6
756671,,37,1591,3104,48544,6,Medium,2428829385
116450,,44,2105,5447,6719,1,Low,337798905
647541,,28,1102,1374,84913,1,High,4246820134
1300057,,39,2234,2844,20271,3,High,1015915710
577557,,37,2102,7800,37744,8,Medium,1889212785
1160317,,26,3949,6720,7425,3,Medium,375032681
935025,,48,3778,9496,95095,10,Medium,4758318059
1115748,,23,2810,6040,94846,5,Low,4745096872
845238,,19,4586,831,96559,5,High,4832148291
838544,,19,4920,2280,8731,6,Low,441033470.4
394157,,15,2112,5760,55969,2,High,2800399355
1835864,,4,2082,4901,81530,6,High,4078924985
1182987,,3,3785,1965,85258,7,Low,4266536568
1597525,,30,4840,8290,91441,3,High,4576747459
1789466,,37,3744,2873,78551,4,Low,3931370336
228931,,31,974,3877,40783,8,Low,2040071438
710752,,25,4551,8949,52854,10,Medium,2646842486
772777,,5,2265,8001,5671,6,High,285766324.5
465797,,47,4077,3713,49153,7,Medium,2461293401
1545930,,16,1942,8173,35943,5,Low,1799364128
1674270,,8,4467,8863,54501,1,Medium,2729456062
1186180,,25,1360,1200,44803,6,High,2241727163
94192,,9,3227,5628,11464,2,High,575991067.2
791738,,2,4764,6214,32451,1,High,1626892283
1289934,,31,479,4929,68740,3,Medium,3437874669
1514199,,48,4911,2783,22355,9,High,1122467037
1901006,,48,637,4876,84169,3,High,4209674752
592770,,38,877,5233,31032,7,Low,1552570562
1069975,,13,2145,3094,31943,2,Medium,1599357036
216985,,33,1209,7635,74125,2,Medium,3707376642
1120993,,29,4823,7800,57810,2,High,2895014878
1174064,,45,4648,7746,22361,5,High,1122436487
542619,,13,3922,590,60157,2,High,3011376652
1044995,,35,402,7835,15941,8,Medium,797781235.8
339267,,45,1761,1622,52495,2,Low,2626375048
1718009,,20,2961,4887,97551,4,Low,4880682771
689097,,34,4013,3862,73902,7,Medium,3698765969
125490,,7,2777,1203,8720,10,Medium,438408219
1863609,,13,2455,2461,84964,9,High,4250946726
1745766,,5,3724,3884,93153,2,Low,4661436728
1742646,,9,902,6974,63979,5,Medium,3200345141
220841,,49,882,2347,36730,2,Medium,1837338742
1803176,,38,4566,2065,3269,2,Medium,167971934.1
566652,,37,434,8050,83181,8,High,4159641793
1406402,,26,2151,5055,77263,2,High,3865486348
1729036,,21,4116,7544,91506,3,Medium,4579425143
1852800,,28,4448,587,13726,7,Medium,690734107.5
815226,,35,4144,4975,26521,8,Medium,1329874367
1709283,,12,2042,5517,76281,10,High,3816399182
984617,,50,3737,9291,48944,5,Medium,2450750293
241255,,2,2300,4019,50458,5,High,2524949727
1308443,,6,3799,981,75464,2,High,3776890278
1666059,,19,1467,2576,3409,4,Medium,172288790.7
990067,,43,4684,4835,10347,8,Medium,521695171
1012407,,47,1885,3027,14580,9,High,730969800
188332,,19,4869,7399,6945,5,Low,351475343.7
584614,,7,4649,2696,63938,5,Medium,3201063845
1789087,,30,1163,1764,87561,7,Low,4379672740
1787867,,3,517,6773,46346,1,High,2318382496
895554,,47,4705,9020,32611,5,High,1634890884
1117211,,21,2557,3011,19023,1,Low,953724521.4
1264974,,33,1109,5255,63276,4,Medium,3165202488
1851234,,19,4681,3244,11437,2,Medium,576487171.9
758786,,30,4106,3006,8518,5,Low,429666790.1
1265227,,1,4367,6769,46066,1,Medium,2307471822
180261,,32,1117,6415,13415,4,Medium,671782418.9
1016015,,4,463,5023,29878,8,Medium,1494662193
1405075,,37,3853,8393,35169,1,Medium,1762242249
1345693,,31,4377,2025,59053,6,High,2956850225
90614,,37,4006,6218,23806,1,Medium,1193756800
395581,,48,2374,1549,7536,4,High,378965985.9
80735,,23,4721,5597,70768,8,Medium,3542457860
1746461,,25,4837,8481,64405,3,High,3224996914
1904102,,10,4462,9980,73482,4,Medium,3678585286
955262,,25,566,6234,18690,1,Low,935334026.7
68632,,46,1390,5922,94167,2,High,4709575846
889523,,45,1766,7002,39646,3,Low,1984135338
765197,,44,4050,1884,41215,4,Medium,2064470309
781847,,28,3421,5474,1555,6,Medium,80948541.45
1175553,,13,2119,5229,60162,5,Medium,3010327226
880191,,44,4266,9447,78354,7,Medium,3921663064
1556548,,15,615,8194,47117,9,Medium,2356939827
1929040,,4,3204,5094,2673,6,High,137061779
434945,,49,3584,8813,70472,5,Low,3526826543
1417924,,49,2277,7221,14309,4,Medium,717905655.9
937058,,18,4545,2681,24689,6,High,1238650083
444334,,18,471,5144,48495,4,Medium,2425320887
1528582,,38,4502,1498,6925,2,Medium,350620008.7
1175258,,10,1154,6764,43723,6,Medium,2187560350
451073,,32,2105,8648,22190,2,High,1111472586
762401,,41,2886,7896,25018,8,Low,1253644600
1586269,,27,2850,9090,17066,3,Medium,856303659.2
580686,,31,3703,8975,86695,1,High,4338126948
1642742,,25,4492,7617,12064,3,High,607615202.2
845368,,1,338,7135,15879,4,Medium,794551136.3
1586926,,33,2895,6037,1304,8,Medium,68235226.6
315453,,48,3388,6733,32679,8,Low,1636962801
1519445,,43,990,2871,9641,10,High,483435643.3
1597159,,13,1521,6766,97322,1,Low,4867970331
948608,,45,1247,9705,75557,7,Medium,3779271625
1459673,,1,4316,4582,72698,6,Medium,3639091061
1231298,,28,229,8575,87476,6,Medium,4374450402
1109327,,5,846,2995,67676,6,High,3384915452
1170434,,41,3376,3486,9619,6,Low,484242886.9
791537,,26,433,7492,17700,2,Low,885666938
723698,,48,3249,1045,90769,7,Low,4541473317
795507,,28,1872,9326,49724,1,Low,2488096302
1909124,,28,824,518,98076,1,High,4905173248
1250168,,11,4807,1598,13499,3,Low,679478823.8
1388261,,25,3242,2617,15787,6,High,792601133.9
1236383,,13,876,7720,24842,6,Medium,1243298194
826800,,40,4429,8503,44326,7,Medium,2220380088
1358065,,45,1337,3010,12650,7,Low,634124697.8
390249,,42,1697,4838,79723,9,Low,3987746172
799853,,6,219,970,75808,2,Low,3790869244
284689,,25,1650,7394,10330,3,High,518023626.2
995573,,19,4111,9623,92499,6,High,4628819138
1317764,,32,4272,7621,64892,7,Medium,3248715310
1748286,,39,1989,6831,65750,8,Medium,3289824308
129928,,1,881,1810,63180,1,Medium,3159798970
851000,,44,853,7758,32772,7,Medium,1639647575
1909169,,33,4411,7710,86844,4,Medium,4346640794
1007296,,42,4586,7897,62044,10,Low,3106475436
1280079,,1,1754,6884,28737,10,High,1438806258
1215152,,43,848,3976,8374,2,High,419861203.2
1076590,,47,1614,3339,73014,2,Medium,3652462694
1892017,,26,4464,1000,75615,6,High,3785212226
57510,,22,2168,5091,39502,10,Medium,1976978296
1957580,,21,4505,757,85575,10,Low,4283268816
1469149,,43,4308,514,77358,4,Low,3872082447
1631193,,27,3585,5772,87170,2,High,4362135838
955131,,33,3782,5480,46647,5,Low,2335916656
1896499,,8,1941,265,14861,6,Medium,745365247.2
373156,,7,1623,9022,47973,8,High,2400183550
936160,,4,2436,147,65440,1,Medium,3274399104
522435,,17,4212,5140,34069,4,Medium,1707227942
1113127,,9,485,8076,16394,1,High,820523114.5
1616983,,23,2847,3893,23817,8,Low,1193848387
1956282,,23,4813,6412,71220,3,Medium,3565794539
933320,,47,1283,5281,72657,1,Low,3634286055
1883118,,1,1244,2697,85262,7,High,4264823354
182324,,27,2102,3856,90821,9,High,4542913393
1551909,,42,4012,9555,79921,6,Medium,4000032296
535255,,48,4784,1907,71649,5,Medium,3586714267
569865,,7,2085,5209,34924,3,Medium,1748185565
1502654,,30,3860,5444,30320,5,Low,1519824139
1216099,,4,3243,8695,85552,9,Low,4280804402
794043,,40,2285,8505,86821,4,Low,4343296228
1372436,,8,3842,3982,57456,8,High,2876556968
1613029,,21,4755,4904,53942,1,High,2701721090
762172,,29,4144,9005,78213,4,Medium,3914465153
807587,,13,1078,1095,11027,8,Medium,552553253
1894784,,13,301,2914,40471,10,Medium,2024477869
1070548,,8,3898,6340,6194,8,Low,313404801.8
1211923,,9,3052,6092,24231,10,High,1214584683
349700,,20,4802,9438,38879,7,Medium,1948180090
530556,,41,4497,9738,84979,6,High,4252987410
110896,,31,2806,513,7889,8,Medium,396878916.1
262880,,30,650,9658,31817,7,Low,1591522253
1219607,,45,848,1209,21968,9,Low,1099556085
1771015,,37,3009,5176,64077,5,Medium,3207044885
829838,,6,3231,1605,23237,9,Medium,1164891526
591929,,3,4790,658,3369,3,Low,172730680.2
1321609,,10,3839,2028,62612,4,Low,3134331983
336080,,44,3089,1778,46164,2,Medium,2310953003
1832476,,6,4990,4811,66730,9,Low,3341395614
626807,,41,2547,4467,73951,4,High,3699950420
1161584,,29,2499,5551,39131,8,Medium,1959098062
1533379,,21,2265,7205,93469,6,High,4675932465
1904717,,24,3000,7280,78896,7,High,3948037731
1868422,,42,3100,8325,5475,2,Medium,277064800.2
270597,,42,973,6239,40172,8,Medium,2009542396
59148,,43,4608,848,84756,6,High,4241744782
1732977,,40,1494,4106,30231,8,Medium,1513441507
1727060,,15,2088,5452,52708,6,High,2637794701
405452,,32,2240,6312,65620,9,Low,3283065528
357532,,17,741,5421,35724,5,High,1786970579
1208349,,26,3803,7585,64608,7,Low,3234077555
1494126,,1,1051,5160,3846,3,Medium,193729314.1
996194,,8,1267,3481,56282,6,High,2815535280
475800,,22,2977,7784,43503,7,Medium,2177869080
316969,,46,3033,2477,64329,6,Low,3219150702
820540,,1,1961,8637,43982,4,High,2201075752
926303,,49,726,4261,44259,4,Medium,2213907839
170471,,25,4254,1595,58017,10,Medium,2904532552
1818685,,34,4671,620,97413,4,Medium,4875262520
918363,,16,2521,2283,50723,8,Low,2538621905
385561,,29,3963,5063,62160,9,Low,3111519634
1617829,,50,4065,9341,41707,10,Low,2089400843
1950777,,33,904,121,71987,7,Medium,3600805434
1887087,,44,212,3005,29702,3,Medium,1485953473
559815,,16,4374,8344,83977,8,Medium,4202786615
1876528,,4,765,6152,85169,8,Medium,4259772895
537718,,6,413,1093,13370,6,Low,669042703.8
478874,,48,2313,9043,13414,8,Medium,672862023.4
1076118,,16,3658,3245,88787,5,Medium,4442845974
549799,,34,3468,9821,22577,3,High,1132018862
651327,,49,1887,6636,97695,9,Medium,4886604384
861132,,3,4964,142,28939,9,High,1451471511
637400,,22,1724,3179,55641,4,Medium,2783749078
1583677,,24,699,4269,98061,3,Medium,4904211989
847326,,37,3638,7404,21138,9,Medium,1060311814
910660,,33,2124,3365,22578,2,Low,1131036504
1003281,,23,2239,7021,1314,3,Low,67974610.85
1843931,,11,1564,5755,51630,6,High,2583490483
349304,,32,4034,3777,40850,6,Medium,2046064439
830603,,14,1690,6003,59851,1,High,2994293899
666023,,41,3798,4785,91673,7,High,4587128291
345897,,31,1708,3110,57863,5,Low,2894734359
1120454,,35,2649,1184,35388,1,Low,1772050969
1715024,,14,1788,9981,24702,6,Medium,1237246691
324060,,40,3915,1333,88642,6,High,4435549304
351463,,2,2341,3936,94313,2,High,4717772942
284118,,21,2375,4880,54184,5,High,2711332911
1283686,,46,1620,3806,87199,7,Low,4361791325
1782577,,14,1571,7988,28490,10,High,1426480902
1814492,,48,1231,6770,21559,5,Low,1079654107
1854878,,36,2502,5674,98605,6,Low,4933044412
911407,,41,4008,7673,54144,1,Low,2710949895
466593,,6,3766,989,62947,1,High,3150717600
301298,,15,3751,2668,32136,8,Medium,1610102274
291674,,2,3157,3022,40061,1,Medium,2005843331
1773744,,41,2881,6674,98299,4,Low,4918041265
77268,,33,1132,5724,96560,8,Medium,4829007514
1328683,,13,3900,6798,88088,8,Low,4408198594
1589014,,43,3948,3063,27296,5,Medium,1368724772
164893,,12,2969,3012,96831,4,High,4844140333
69774,,18,841,2981,59930,7,Low,2997248883
1708725,,41,2644,5324,85605,5,Low,4283113684
1602005,,38,1257,1769,3768,10,Low,190038134.3
672044,,42,3073,7052,21647,6,High,1085219935
1007221,,27,858,6198,34779,8,Medium,1740050562
1435274,,29,2763,2020,48061,5,Low,2405909426
603309,,29,311,8201,14315,10,Medium,716249490.7
1236986,,8,2659,8646,44268,1,High,2216115670
756511,,19,1360,2811,1770,9,Low,89930086.35
683706,,7,1365,1663,93574,7,Medium,4680104545
1481012,,11,619,707,71355,2,Medium,3568797592
1387342,,50,516,3585,74433,6,Low,3722589132
796915,,8,4679,1410,52332,7,High,2620860555
598791,,4,4322,4618,91189,1,Low,4563345302
506339,,10,3268,969,47026,1,Low,2354258641
1613819,,2,1519,7331,74778,1,Medium,3740774554
1532596,,18,1983,5227,70221,2,Medium,3513287186
88262,,47,4574,3167,20967,4,Low,1052282349
387925,,30,1383,5513,84447,5,High,4223678706
480484,,40,1157,792,81056,2,Low,4053958399
1195253,,48,2614,8202,46979,5,Low,2351616504
1177314,,44,867,9818,85913,1,Low,4296828835
1033002,,3,1875,535,99184,4,Low,4961156998
685811,,49,1419,2134,63879,9,Low,3195407399
1448553,,17,2245,8638,61701,9,Medium,3087488879
275818,,7,578,7661,37090,5,Low,1855107829
1151311,,48,2730,9020,56197,3,Medium,2812601769
1989855,,13,4619,277,78298,7,High,3919524852
434255,,32,4869,7713,37177,3,Low,1863163762
268685,,45,3340,4312,82765,7,High,4141199220
206957,,35,2377,9427,43396,8,Medium,2171920652
955385,,27,3246,1853,41537,10,Low,2079951357
1392619,,7,2725,4350,83249,10,Medium,4165265382
1435140,,26,3030,1115,8908,6,Low,448483706.5
1857569,,19,4229,7326,15584,3,Medium,783465394.2
75788,,34,3544,2042,32446,8,Low,1625348111
886941,,7,1603,4549,8436,4,Low,423485191.9
1376731,,29,4883,4799,39002,7,Low,1954747883
264435,,29,2428,2579,15592,9,High,781766279.8
354902,,5,926,7617,35457,10,Low,1773780958
1228980,,15,4654,8891,58679,3,High,2938360071
1322673,,17,1013,5437,85544,2,Medium,4278539618
1485022,,35,680,1041,31181,8,High,1560154560
875449,,17,4804,6163,28804,4,High,1444607255
1557756,,41,1898,5031,17840,1,Low,894176012.1
253234,,17,3665,7101,16554,9,High,830923674.4
616910,,4,4993,4093,20758,4,Medium,1042370681
751479,,36,2962,4731,60250,6,High,3015296865
217259,,43,4719,4037,69900,7,Low,3499102443
792896,,45,3271,8489,92616,2,High,4633884486
1174635,,46,4874,2645,76046,8,Low,3806866155
728070,,14,2409,6255,34995,10,Low,1752069792
1654912,,13,2124,7392,60478,4,Low,3026304659
1020764,,5,4032,9290,71685,10,Low,3588058292
1510025,,31,1632,6903,45003,5,Medium,2252086686
1078151,,28,2401,2825,56212,9,High,2813028625
1955358,,45,1503,3281,41139,6,Medium,2058925528
1360815,,23,2631,3064,78473,9,Medium,3926373055
859379,,46,768,2357,28081,2,Low,1405014995
1573809,,24,3157,2801,61325,4,Medium,3069494166
109908,,49,915,6308,48090,1,High,2405337868
1760753,,47,1760,7774,66442,1,High,3324237339
938290,,27,4270,6100,94482,7,Medium,4728076392
567233,,7,509,4887,6861,8,High,343694239.1
1653123,,15,1391,1442,77418,3,Low,3872666348
62777,,28,3451,9436,83525,5,Medium,4179232272
914511,,30,2451,5468,96948,5,Medium,4849820699
1535592,,28,871,116,71720,9,Low,3587281457
1078238,,46,2840,1083,83424,6,Low,4173999611
1982019,,41,3960,2655,28168,4,High,1412471264
1845892,,38,3009,900,65963,3,Low,3301360522
1800391,,41,965,2313,31796,6,Low,1591261089
1784137,,5,979,3639,45901,9,Low,2296516295
166934,,49,1602,6189,79393,2,Low,3971091479
1288927,,32,1723,4041,87004,7,Low,4352129617
1869303,,7,3999,1733,95230,7,Medium,4765558579
683017,,43,476,2884,12331,7,Low,617206026
1322445,,12,317,3236,43513,1,Medium,2176391836
716184,,25,3510,1209,30449,7,Low,1525690187
265377,,34,3158,9798,87310,5,Low,4368305757
994023,,6,2968,4384,70378,10,Medium,3521782388
1217767,,24,3254,1058,13427,4,Medium,674547643.5
300900,,39,756,3537,93119,3,Low,4656711438
226822,,7,2127,2318,38459,10,Medium,1924843973
179976,,1,1853,9563,52183,1,Medium,2610812069
1576962,,44,3675,2091,18965,2,Medium,951936194.2
1642435,,15,944,997,40497,1,Low,2026231545
670709,,16,3326,8803,69126,2,Medium,3459385776
153764,,46,380,3068,6822,1,Low,341490007.4
1374459,,23,4306,9005,64305,2,Low,3219416433
611195,,22,2768,340,73036,7,Low,3654370208
1727925,,37,4460,1323,26783,7,High,1343553521
1702984,,23,993,4118,77533,5,Low,3878103149
473285,,16,1275,3083,54467,9,Medium,2724609027
1100908,,26,3163,5307,92555,9,High,4630840255
1755349,,7,3955,7368,54703,10,Medium,2739145382
1652591,,37,2494,4878,19622,1,High,983814941.9
961922,,28,4485,2269,64643,7,Medium,3236307955
1501782,,17,4959,3479,85576,7,Low,4283551511
1606749,,32,2443,8321,55109,4,Low,2758113555
1259653,,21,259,6104,31138,8,Low,1557578809
147360,,16,551,407,43033,10,Low,2152172864
481554,,45,3176,1771,50005,1,High,2503127971
610616,,16,2901,3230,61557,1,High,3080539561
1065610,,8,2108,9417,45138,8,Medium,2259089266
640282,,31,2898,1393,77145,5,Low,3859944601
317753,,15,1276,8590,41673,9,Medium,2084869089
900659,,39,4608,2721,16151,1,Low,811793513.2
1400391,,44,3757,3796,35708,2,Low,1789098357
1270873,,45,3679,6117,73701,2,Medium,3688642648
92084,,7,4732,9693,5501,5,Medium,279129501.9
708549,,9,1549,3123,68942,6,High,3448673530
657249,,28,3551,1411,42554,1,High,2130955275
1980932,,13,1028,9726,17730,2,High,888093001.2
1920265,,24,4829,9362,92519,6,High,4630753028
1988199,,38,1074,1135,95133,3,Medium,4758266167
1293681,,35,3019,1839,75799,6,High,3792977736
658607,,23,1124,6383,92826,4,High,4642504630
781438,,26,736,5896,96076,9,Low,4804716963
489878,,14,2849,880,27809,7,Low,1393046987
1578263,,28,3772,2243,31934,10,Medium,1600467560
1592356,,7,4595,2977,26936,9,Medium,1351271357
459429,,35,4318,6452,68787,7,Low,3443201430
603025,,45,4230,5803,40969,5,High,2052276466
509766,,22,3618,1289,61445,7,Low,3075509581
948920,,4,2557,3970,93243,8,Low,4664665977
623279,,50,2908,6565,78396,7,High,3922512360
811329,,12,1653,2013,91120,1,Low,4557695488
1746508,,43,3950,2833,14620,7,Low,734981020.3
216273,,15,4180,1198,81675,1,Low,4087383491
1899242,,21,4011,8687,25384,8,Low,1273298322
1991384,,40,4319,8241,70826,10,Medium,3545693537
327367,,27,243,2922,31940,1,Low,1597331673
55518,,42,2793,3509,31486,4,Medium,1576707294
383237,,22,544,2495,69440,8,Low,3472605410
117271,,17,2586,1997,31612,9,Low,1582846177
784383,,23,1049,2374,84880,4,Low,4245174879
510287,,32,1723,2899,83259,5,Medium,4164604238
290617,,10,1255,3998,95098,1,Medium,4756079661
1712278,,18,4017,7776,95931,6,Medium,4800585347
634257,,28,3947,8691,71482,6,Low,3577702027
538106,,33,2601,3373,21670,1,Medium,1085911580
1051277,,25,3043,9350,95981,6,Medium,4802030872
1949940,,24,1369,7295,27912,7,Medium,1397467247
711457,,29,1880,7924,45836,6,Medium,2293670300
305312,,19,4444,8254,68123,1,Medium,3410057174
746754,,26,3219,1663,21779,7,Low,1091954791
831228,,44,3876,6389,49105,1,Medium,2458856782
1249975,,1,3484,4371,41627,6,Medium,2084759939
1859405,,50,2881,6757,77703,7,Medium,3888272534
409473,,48,472,2363,32887,3,Medium,1644906183
102975,,34,3074,7523,59111,4,High,2958221829
1412064,,6,3674,7857,3818,4,High,194537484.9
262948,,26,4132,3539,67495,10,High,3378366199
1662926,,37,1322,7937,41789,10,Low,2091180007
1807940,,5,1976,5502,70707,10,Medium,3537676734
1712041,,21,4061,1200,14833,4,Low,745706584.4
1171307,,16,2389,4302,62799,5,Low,3142403282
1713633,,31,4600,4149,19783,3,High,993673864.1
619035,,10,3663,2189,96336,8,High,4820136885
1241526,,1,2744,9899,99021,9,High,4953841802
1738027,,30,340,6977,58401,1,High,2920968352
1935915,,43,3700,7678,93998,8,Low,4703746925
1471820,,42,3083,1699,79614,4,High,3983844975
745923,,1,3661,1264,92962,8,High,4651476203
325499,,29,2228,9323,47000,6,High,2352034512
345813,,23,2238,6197,80207,6,Medium,4012391587
1616708,,26,865,7112,7992,2,Medium,400921997.8
79368,,26,4019,3103,56760,8,High,2841454806
614549,,28,2802,2010,73838,3,Low,3694505177
128336,,30,3691,2696,92468,4,Low,4626592608
181457,,4,2143,9796,18586,10,Medium,931210030
1726887,,25,4798,313,96291,8,Low,4819236493
1497994,,20,3579,8916,84557,2,Medium,4231441138
1473151,,19,382,6035,4999,1,High,250807670.4
261430,,2,2397,7152,94272,8,Medium,4715747071
1253483,,4,4613,2550,81855,1,Medium,4097116624
1706297,,10,1124,7473,39372,10,Medium,1970172486
1371768,,12,2726,1465,42208,9,Medium,2113202321
1988105,,25,4161,437,89734,4,Low,4490936779
1442792,,38,1686,203,85491,10,Medium,4276493145
918737,,12,2566,7940,6820,4,Medium,343523948
889300,,33,504,2444,44221,4,High,2211799725
213593,,28,1802,5421,92127,10,Medium,4607973370
1309305,,25,780,9845,84637,5,Medium,4232998869
860432,,3,4812,6454,64286,7,Medium,3218707846
1666460,,8,2717,804,37805,2,Medium,1893145681
934568,,3,3710,4374,1706,2,Low,88791893.8
819035,,35,4362,9376,39755,1,High,1991772002
1001309,,17,2667,1031,53919,10,Low,2698572026
374499,,28,1903,589,36355,10,Medium,1819503457
1820101,,24,3959,8264,35177,5,High,1762875725
254547,,50,332,3290,2770,1,Low,138885516.5
1058902,,15,3583,4531,83881,8,High,4197479293
1153114,,45,582,9002,41584,7,Low,2080126195
1260261,,45,3130,2780,72280,4,High,3617113941
1486901,,46,3054,5397,91383,9,Low,4572285328
1313112,,27,1436,4584,58785,1,Medium,2940944889
330461,,3,1097,247,57330,2,High,2867549089
1460061,,18,4260,1200,91383,10,Medium,4573287181
1456651,,46,3056,7206,3137,7,High,159980962.9
800427,,32,4551,5103,66260,8,Medium,3317165097
1583060,,41,352,1115,21861,6,Low,1093910979
292940,,46,1182,7490,13274,10,Low,664831474
765140,,42,2159,5721,72977,1,High,3650972292
1045312,,36,992,5036,11645,2,High,583475969.2
883682,,49,209,7246,61980,2,Low,3099510934
781312,,1,3779,8538,17377,3,Low,872357074.2
1384932,,30,3160,6424,68406,7,Medium,3423490386
1443172,,35,4800,2777,89070,10,High,4458096253
970646,,24,1362,1303,88569,7,Medium,4429953564
732491,,16,2305,750,69736,2,Low,3489019417
1602157,,29,853,8551,94957,1,Low,4749160662
1496086,,38,4589,252,82623,1,High,4135579470
1547219,,21,358,5089,45006,1,Low,2251161069
65910,,33,3751,2662,39307,6,Low,1968572034
1986191,,30,4556,9340,64156,8,High,3212394717
937251,,6,2787,3094,6462,3,Low,325805442.9
376141,,18,1866,8997,77268,10,Medium,3865142402
1864671,,2,766,152,33821,5,Medium,1692354355
1304428,,43,918,265,56161,8,Medium,2809292672
1603792,,4,2479,1635,4827,1,Low,244023044.7
1114014,,49,2760,8991,48184,2,Low,2411964262
279636,,37,2193,9375,99907,10,Low,4997339800
945313,,11,1620,7579,99934,2,Medium,4998428127
910057,,39,4402,1439,69053,9,High,3456718497
618692,,49,2112,6171,3251,1,Medium,164583049.7
792753,,18,206,251,89266,8,Low,4463755351
1053492,,16,3710,1076,23997,7,Low,1203376832
770237,,4,3187,8461,33971,5,Medium,1701550165
1605222,,1,4736,8199,51317,3,Medium,2570458045
1580543,,11,286,6509,29264,7,Low,1464013883
1819534,,11,2136,5562,46660,2,Medium,2335467662
1688938,,26,4761,6867,91128,4,Low,4561058266
544338,,15,292,3380,78830,5,High,3941948968
165511,,20,3908,9986,24699,1,Medium,1238357094
311017,,22,1115,5797,70821,4,Medium,3542123738
151347,,23,4017,6077,71121,4,Medium,3559535374
873581,,3,1254,4908,99060,7,Medium,4954384283
1588839,,28,1005,2740,13920,7,Medium,697420553.7
348957,,30,1282,1527,29780,3,Medium,1490219252
1816008,,11,1756,8503,7388,10,Low,371550780.3
1337277,,18,1802,9330,26323,2,High,1318175232
57198,,32,4853,9147,26912,1,Medium,1349771777
1162222,,47,2233,8002,14276,5,High,716130472.7
1923854,,38,1453,1045,85905,1,Medium,4297165571
1141169,,14,3987,8357,43581,3,Low,2182860932
1353240,,49,2913,7705,6475,3,Low,326724826.5
511709,,2,4750,1937,32047,2,Low,1606571681
378492,,23,4593,8446,41380,4,High,2073060397
1994581,,14,602,3610,41111,1,Low,2056770508
1372399,,18,3462,155,99287,4,Medium,4967775587
1857664,,26,1917,6406,83706,4,Medium,4187598767
1466955,,13,552,2054,75873,8,Low,3794639329
1804060,,19,1655,7372,41703,6,Medium,2087208881
1189347,,28,3597,9510,16376,10,Medium,822300856.5
571336,,41,4246,3233,23251,2,Low,1166372070
1091119,,20,690,8079,44428,5,Medium,2222390989
1646268,,18,2240,5441,43579,8,Medium,2181445956
1564381,,10,4573,4452,55250,7,High,2766946913
1422525,,49,4966,5651,87150,3,Medium,4362238991
763414,,39,2130,8110,57826,9,High,2893402650
52804,,46,1006,8584,84282,8,Medium,4215000561
613749,,14,783,2329,16163,5,High,809037864.7
396185,,33,2227,5740,80307,7,Low,4017399925
1968384,,41,732,9873,94968,4,Medium,4749740737
1077518,,30,3543,7247,71471,5,Low,3576960399
946323,,37,3189,9902,90641,4,Medium,4535121058
1551753,,11,3250,6999,81050,8,Medium,4055824431
1658069,,50,4250,7461,6787,9,High,343567476.7
482104,,46,1539,8621,15564,7,Medium,779703958.9
1981891,,23,1541,8411,51386,6,Low,2571327299
1466255,,24,1728,2357,78696,3,Low,3936790762
828008,,25,273,5557,61942,9,High,3097638745
1328782,,44,2511,4698,52934,9,High,2649316449
1409699,,2,800,8052,24401,3,High,1221243765
349449,,40,510,1059,53007,4,Low,2650913255
395141,,29,3487,7967,73521,6,Medium,3679175647
716916,,14,3048,2987,35601,9,Medium,1782900868
1834106,,17,796,4951,87469,2,High,4374782955
1895516,,11,4101,7833,11270,8,Low,567670183.1
1739156,,47,1833,7137,44370,3,High,2220690237
1345938,,15,1249,3788,96541,5,Low,4828593998
1733734,,11,3434,4672,16448,3,High,825938706.9
1900740,,4,2237,1216,96037,9,Low,4804420229
1607267,,1,4033,6130,11033,7,Low,555656038.5
173286,,40,1657,5662,69400,2,Low,3471488055
1914412,,40,3866,834,38977,1,Low,1952813029
1288678,,19,2171,8059,30788,4,High,1541718815
1420681,,38,326,3394,21510,5,High,1076287383
1509813,,11,4434,240,11774,8,High,592999254.6
1602477,,37,1992,3700,6995,4,Medium,352017757
566525,,50,3285,9532,31576,10,Low,1581820364
1364042,,1,4057,8258,99407,4,Medium,4974296630
564749,,48,2341,1326,55870,9,Low,2795696587
1471101,,9,3771,2309,39451,9,Low,1976277088
136537,,50,1105,3607,72913,3,High,3646652055
1833599,,36,4368,8278,66200,1,Medium,3314379575
275117,,34,627,7661,46604,9,High,2330852473
898498,,48,4153,5598,85750,9,Medium,4291364279
595065,,2,3188,3795,76995,7,Low,3852677800
1361335,,3,2399,4008,81218,6,Low,4063425997
193698,,15,1724,3458,16261,9,Low,814593639.3
1905340,,6,3663,1988,96745,8,Medium,4841036109
1784527,,20,3824,6209,66044,7,Low,3306092907
321977,,2,1858,3108,44034,4,High,2203400002
1513125,,21,4760,3507,14296,8,Low,719386881.3
1367925,,50,3610,9911,94190,10,Medium,4713078051
1744099,,35,1448,4628,81449,10,Low,4074307005
605572,,26,3836,7725,5301,10,Low,268544982.7
1735030,,45,4045,9594,30006,1,High,1504374896
1056071,,11,3748,2919,15038,9,Low,755464042.4
1966516,,33,309,9833,88340,8,Low,4417979473
712466,,29,4263,6573,97693,9,Medium,4888542826
1807430,,19,3604,9897,83583,2,Medium,4182873023
980080,,24,2287,2652,62219,2,High,3113246488
535994,,46,634,505,18122,9,Low,906833280.4
1472543,,20,3943,2661,24156,10,Low,1211675993
72614,,2,4898,3867,57349,9,High,2871648622
987754,,22,991,6242,66867,6,Medium,3344556309
1754597,,35,3863,1043,15871,7,High,797454466.5
753314,,5,586,7472,90831,4,High,4542331040
1174768,,14,4716,4259,97679,2,High,4888382096
369370,,17,2262,8780,47390,4,Medium,2371575970
1231095,,36,567,2678,89441,2,Medium,4472973848
840572,,31,3595,3566,97979,6,Medium,4902312585
1944653,,27,4960,7955,76076,4,High,3808719756
182912,,40,224,265,25764,8,High,1288459882
1719445,,27,857,2442,60934,8,Medium,3048039601
1926975,,17,3033,6690,43984,8,High,2202471256
1661589,,20,898,7753,17997,5,High,901216638.7
1654812,,38,3288,9330,68677,4,Medium,3437251869
1850817,,7,480,5964,97864,8,Medium,4894271536
1671402,,41,2610,1833,62815,5,Low,3143562993
254580,,41,3372,1604,16223,7,Medium,814114233
1666411,,12,3099,1079,87234,2,Medium,4364921531
473490,,24,2556,3858,97596,8,High,4882150847
695414,,19,204,6501,13472,10,Low,674035327.4
1741689,,50,2725,5038,88345,4,Low,4420194436
1334310,,6,4086,1222,23547,5,Medium,1181293884
1514321,,27,4253,9979,61183,8,Medium,3063323250
216179,,28,818,7710,25055,7,High,1253543598
1258921,,40,1136,5655,96859,4,High,4844375160
895089,,32,4367,154,22041,2,High,1106079456
710901,,14,1523,5311,14001,7,Low,701608322.9
1706553,,46,3308,7359,25599,5,Medium,1283383011
181954,,27,4200,4591,16987,8,Medium,852998401.4
165192,,22,3412,3828,23296,6,High,1167770227
1731258,,21,1872,2309,56611,6,Medium,2832755433
1384782,,21,3377,549,50761,5,High,2541409016
1774520,,47,363,6838,51831,10,Medium,2592502367
1678469,,49,2813,9581,22861,4,High,1146058347
1229869,,19,3689,9092,60163,2,Low,3011741114
1891693,,19,3225,1045,22273,10,Low,1117058235
1330952,,26,870,7630,53790,1,Medium,2690727528
95761,,30,2773,5762,96671,7,Low,4835958571
1964663,,9,417,4348,94911,2,Medium,4746604032
52976,,33,4298,8221,49469,10,High,2477146354
715740,,12,4474,214,26427,1,Medium,1325405384
1809709,,39,357,9509,46677,2,High,2334815301
217963,,13,4927,2045,33772,4,Medium,1692870910
115716,,31,3994,7629,98717,5,Medium,4939308193
791854,,11,4510,5702,93685,8,Low,4688376224
1360182,,19,1617,3430,76681,10,Medium,3835911369
837072,,10,4082,1526,47848,7,Low,2396167690
109317,,32,4615,9248,1234,6,Medium,65687970.95
223030,,28,963,7821,48072,8,Medium,2404519523
1520620,,13,823,5956,30811,9,High,1541798217
616777,,14,635,6303,59460,8,Medium,2973773059
804214,,16,3391,559,60378,7,Low,3022067142
288193,,31,1554,8623,42007,7,High,2101797045
1721683,,20,1822,4711,74499,5,Medium,3727115467
796677,,36,4711,9452,12934,4,High,651011137
272201,,34,4256,9731,24302,5,Medium,1218841278
371883,,24,2705,4326,89705,3,Low,4487693104
1579794,,25,1094,9083,96968,9,Low,4849908535
1100250,,14,3820,9946,23692,7,High,1188258633
294842,,31,811,6999,25612,2,High,1281413762
1972500,,38,3582,3702,69169,2,Low,3462198890
909450,,45,4728,2778,52649,6,Low,2636799453
1386218,,17,289,7658,14166,4,Low,709052011.3
816347,,45,367,7066,92847,1,Medium,4642970736
863579,,24,1377,2264,70699,8,Low,3536431243
857183,,37,2225,614,35227,1,Medium,1763547239
226952,,46,1108,1019,47751,6,Low,2388579301
593687,,22,3250,9658,1646,7,Medium,85297075.45
375117,,42,4692,2871,52091,5,Low,2608681708
467243,,38,2501,3559,39066,6,Low,1955602843
760446,,29,4865,9034,45018,1,High,2255327471
890996,,31,4434,4375,49455,7,Low,2476845406
427999,,11,2950,5770,70059,4,Low,3505623045
1021062,,10,1492,8747,32775,2,High,1640398639
90896,,48,1604,6721,51098,7,Medium,2556317776
62574,,22,2106,590,13438,6,Low,673716115.9
54568,,10,603,9414,5186,10,Medium,259856383.8
330396,,42,230,1832,95910,9,Medium,4795820759
218262,,4,634,9874,80939,1,Low,4047590457
181361,,19,1436,6760,24711,9,High,1236853256
1139991,,22,2305,1089,97532,3,Medium,4878963609
1885441,,6,4694,6728,39192,5,Low,1964267344
1377481,,24,2793,5983,32168,3,Low,1611274006
1976826,,7,584,3573,1528,4,Medium,77598061.6
1052858,,33,3774,5343,70788,4,Low,3542993718
1021313,,25,2029,9921,18652,1,Low,934709912.1
1593804,,18,543,9481,88394,5,Medium,4420745244
563689,,3,1748,134,99196,6,Low,4961483786
1162090,,42,3216,9729,73222,9,Medium,3664269694
1511184,,41,1774,5819,17589,9,Low,881506281.9
437043,,3,4908,1795,10791,9,Low,543879612.6
358648,,31,1530,197,94788,1,Medium,4740830239
1577104,,15,569,2295,5747,9,Low,288393173.9
1976101,,49,3495,8263,32268,8,High,1617088923
1382499,,44,3168,6539,65248,7,Medium,3265598302
605939,,33,3392,5272,94857,9,Medium,4745962419
1410100,,28,2747,9594,76833,4,Medium,3844505830
1360261,,6,4783,8468,31554,2,Low,1582263531
1242804,,47,1473,8431,35527,1,Medium,1778063749
1285996,,22,1675,5666,51952,4,Low,2599490654
1574717,,18,262,1567,74008,1,Low,3701179928
1517968,,11,1775,6383,60555,1,Low,3029807316
1746231,,37,852,2583,16691,10,Medium,835896278.4
1407031,,42,1926,8483,77002,1,Low,3852255808
1580271,,24,4061,1058,38513,7,Low,1929660470
1374427,,37,3616,9030,37384,4,High,1872781664
357493,,11,3115,251,51924,6,Medium,2598974820
685111,,44,1764,5132,32557,3,High,1629607299
1621470,,46,715,3727,79124,6,Medium,3957390102
150948,,11,1922,6307,30088,5,Low,1506103619
1142741,,30,806,9569,99155,7,High,4958862582
1276298,,21,4841,6908,66423,3,Medium,3325731344
1108148,,26,3302,7657,40571,5,Medium,2031766814
238213,,7,3062,4428,13811,7,High,693247984.6
83895,,21,4046,1836,21966,5,High,1101775573
243407,,17,4851,2991,78425,8,Low,3925468060
1379675,,12,4155,754,62139,5,Low,3110967961
1993463,,18,1663,3758,44428,9,Medium,2223522817
1273781,,10,3895,1783,91222,6,Low,4564862231
847687,,12,4681,4136,52704,6,High,2639487320
344100,,34,1274,7546,3536,9,Medium,178026280
1225416,,16,2349,6477,51003,6,Low,2552593658
1703420,,8,3524,5776,30667,9,Medium,1536956997
1107665,,26,1572,6177,57600,8,Low,2881742445
156126,,16,3506,6435,52701,7,Medium,2638102752
721128,,38,974,6923,16466,7,Low,824402162.3
1854803,,10,2115,3005,13469,1,Low,675905643.6
1433541,,28,3180,1947,80584,1,Medium,4032412967
463312,,16,2924,1207,79082,6,Medium,3956752497
1963777,,25,1806,2415,6493,7,Medium,326881459.5
409203,,17,3239,1486,2552,10,Low,130502126.1
1829497,,49,1518,5636,23557,3,Medium,1179800594
1644189,,40,4422,3587,40341,4,High,2021397934
1501400,,19,2062,9120,48731,10,Medium,2438853270
407539,,31,2927,1568,73452,7,Medium,3675238229
446663,,42,3520,9916,88378,4,High,4422078162
643284,,5,614,2330,9011,6,Low,451303474.4
